"Gebiet","Sachmerkmal","2010","2011","2012","2013","2014","2015","2016","2017","2018","2019","2020","2021","2022"
Zentrum,Kinder insgesamt,"104","0","0","0","0","0","0","0","0","0","0","0","0"
Zentrum-Ost,Kinder insgesamt,"462","570","580","626","660","681","683","681","869","867","891","925","919"
Zentrum-Südost,Kinder insgesamt,"1039","1112","1166","1207","1328","1643","1785","1850","1911","2094","2274","2296","2333"
Zentrum-Süd,Kinder insgesamt,"987","1039","1053","1109","1187","1194","1189","1279","1276","1232","1259","1099","1230"
Zentrum-West,Kinder insgesamt,"1124","1151","1132","1158","1136","1148","1169","1204","1188","1372","1508","1588","1600"
Zentrum-Nordwest,Kinder insgesamt,"145","140","231","287","359","540","567","627","644","630","592","591","586"
Zentrum-Nord,Kinder insgesamt,"232","228","216","220","218","326","439","452","456","459","454","441","427"
Schönefeld-Abtnaundorf,Kinder insgesamt,"541","540","813","534","550","539","577","709","760","765","741","805","853"
Schönefeld-Ost,Kinder insgesamt,"973","917","960","952","1027","1025","1203","1376","1398","1402","1381","1363","1326"
Mockau-Süd,Kinder insgesamt,"141","230","229","240","234","242","260","290","316","347","354","349","347"
Mockau-Nord,Kinder insgesamt,"709","689","687","741","758","779","772","811","841","883","858","861","860"
Thekla,Kinder insgesamt,"209","222","214","181","193","237","219","224","220","223","202","228","221"
Plaußig-Portitz,Kinder insgesamt,"128","149","196","266","279","299","313","351","362","369","365","348","390"
Neustadt-Neuschönefeld,Kinder insgesamt,"564","685","940","956","950","1073","1443","1602","1666","1702","1653","1598","1597"
Volkmarsdorf,Kinder insgesamt,"55","55","54","278","305","303","442","574","611","626","615","592","607"
Anger-Crottendorf,Kinder insgesamt,"653","664","665","692","697","725","746","792","841","844","860","1075","955"
Sellerhausen-Stünz,Kinder insgesamt,"1133","868","931","954","956","947","894","865","839","850","940","827","945"
Paunsdorf,Kinder insgesamt,"971","994","1088","1136","1250","1361","1329","1425","1402","1387","1376","1338","1381"
Heiterblick,Kinder insgesamt,"206","206","133","151","242","242","231","237","237","238","236","235","219"
Mölkau,Kinder insgesamt,"331","328","329","354","355","356","355","370","409","405","424","394","367"
Engelsdorf,Kinder insgesamt,"663","629","644","636","650","651","708","730","749","751","737","726","733"
Baalsdorf,Kinder insgesamt,"34","34","34","34","34","34","34","34","34","34","34","34","34"
Althen-Kleinpösna,Kinder insgesamt,"31","49","49","49","48","49","49","51","52","52","52","52","49"
Reudnitz-Thonberg,Kinder insgesamt,"824","852","876","917","939","1067","1170","1185","1212","1232","1436","1206","1436"
Stötteritz,Kinder insgesamt,"862","876","863","937","979","956","945","964","1039","1058","1099","1140","1251"
Probstheida,Kinder insgesamt,"401","406","474","502","520","527","536","554","551","555","588","701","927"
Meusdorf,Kinder insgesamt,"141","151","152","151","151","155","156","167","170","178","178","170","0"
Liebertwolkwitz,Kinder insgesamt,"333","340","334","355","354","350","349","354","353","373","360","360","366"
Holzhausen,Kinder insgesamt,"332","335","343","342","348","350","367","403","393","400","385","363","368"
Südvorstadt,Kinder insgesamt,"532","559","608","626","640","662","742","766","935","974","1038","1123","1138"
Connewitz,Kinder insgesamt,"835","868","1144","1191","1231","1369","1501","1757","1769","1781","1755","1718","1700"
Marienbrunn,Kinder insgesamt,"284","274","364","348","375","418","413","475","492","476","470","478","480"
Lößnig,Kinder insgesamt,"707","987","1042","1139","1251","1221","1209","1168","1092","1105","1145","1180","1173"
Dölitz-Dösen,Kinder insgesamt,"648","441","427","457","481","528","656","748","763","777","775","744","747"
Schleußig,Kinder insgesamt,"763","804","835","867","874","741","740","721","761","745","740","751","734"
Plagwitz,Kinder insgesamt,"851","1009","1104","1277","1367","1381","1598","1465","1420","1811","1954","1781","1722"
Kleinzschocher,Kinder insgesamt,"413","404","411","419","423","449","462","467","458","474","480","662","704"
Großzschocher,Kinder insgesamt,"656","720","723","727","723","686","733","760","738","767","744","736","722"
Knautkleeberg-Knauthain,Kinder insgesamt,"338","329","328","346","443","542","536","504","506","495","503","506","529"
Hartmannsdorf-Knautnaundorf,Kinder insgesamt,"0","0","0","0","0","0","0","0","0","0","0","0","0"
Schönau,Kinder insgesamt,"317","376","512","540","536","534","524","534","534","539","550","558","556"
Grünau-Ost,Kinder insgesamt,"931","851","848","949","1005","1001","1054","1080","1094","1103","1085","1097","1085"
Grünau-Mitte,Kinder insgesamt,"778","830","832","841","820","841","899","936","975","988","977","947","959"
Grünau-Siedlung,Kinder insgesamt,"0","0","0","0","0","0","0","0","0","0","0","0","0"
Lausen-Grünau,Kinder insgesamt,"678","720","734","789","825","852","859","884","922","961","978","957","952"
Grünau-Nord,Kinder insgesamt,"784","795","695","736","794","804","821","875","904","1037","1066","1046","1005"
Miltitz,Kinder insgesamt,"38","43","44","43","43","44","50","52","50","51","50","48","42"
Lindenau,Kinder insgesamt,"137","143","152","167","287","528","518","525","558","262","260","395","495"
Altlindenau,Kinder insgesamt,"701","724","838","972","960","1031","1037","1080","1258","1266","1229","1346","1383"
Neulindenau,Kinder insgesamt,"499","528","685","705","737","848","1022","1071","1119","1139","1169","1112","1082"
Leutzsch,Kinder insgesamt,"709","705","764","531","568","668","791","976","1014","1053","1126","1122","1089"
Böhlitz-Ehrenberg,Kinder insgesamt,"544","566","566","655","668","673","675","681","675","679","670","717","744"
Burghausen-Rückmarsdorf,Kinder insgesamt,"331","320","326","319","317","322","318","328","333","322","308","314","305"
Möckern,Kinder insgesamt,"1060","1076","1094","1119","1133","1130","1139","1166","1190","1329","1346","1324","1291"
Wahren,Kinder insgesamt,"186","185","179","193","197","196","327","343","369","366","378","401","429"
Lützschena-Stahmeln,Kinder insgesamt,"262","264","256","271","265","276","271","285","294","313","307","321","321"
Lindenthal,Kinder insgesamt,"314","313","308","325","319","336","345","347","427","431","478","494","511"
Gohlis-Süd,Kinder insgesamt,"1020","1100","1247","1310","1389","1429","1655","1705","1746","1704","1805","1821","1867"
Gohlis-Mitte,Kinder insgesamt,"134","189","133","196","195","161","205","192","197","194","191","256","273"
Gohlis-Nord,Kinder insgesamt,"964","908","1009","1007","1043","1084","1120","1134","1155","1196","1418","1478","1538"
Eutritzsch,Kinder insgesamt,"984","966","973","1067","1126","1159","1175","1185","1252","1279","1276","1255","1287"
Seehausen,Kinder insgesamt,"123","135","145","137","140","148","152","162","178","176","168","189","229"
Wiederitzsch,Kinder insgesamt,"381","387","531","548","559","576","432","623","617","761","769","771","784"
Mitte,Kinder insgesamt,"4093","4240","4378","4607","4888","5532","5832","6093","6344","6654","6978","6940","7095"
Nordost,Kinder insgesamt,"2701","2747","3099","2914","3041","3121","3344","3761","3897","3989","3901","3954","3997"
Ost,Kinder insgesamt,"4641","4512","4867","5240","5487","5741","6231","6680","6840","6889","6927","6871","6887"
Südost,Kinder insgesamt,"2893","2960","3042","3204","3291","3405","3523","3627","3718","3796","4046","3940","4348"
Süd,Kinder insgesamt,"3006","3129","3585","3761","3978","4198","4521","4914","5051","5113","5183","5243","5238"
Südwest,Kinder insgesamt,"3021","3266","3401","3636","3830","3799","4069","3917","3883","4292","4421","4436","4411"
West,Kinder insgesamt,"3526","3615","3665","3898","4023","4076","4207","4361","4479","4679","4706","4653","4599"
Alt-West,Kinder insgesamt,"2921","2986","3331","3349","3537","4070","4361","4661","4957","4721","4762","5006","5098"
Nordwest,Kinder insgesamt,"1822","1838","1837","1908","1914","1938","2082","2141","2280","2439","2509","2540","2552"
Nord,Kinder insgesamt,"3606","3685","4038","4265","4452","4557","4739","5001","5145","5310","5627","5770","5978"
Stadt Leipzig,Kinder insgesamt,"32230","32978","35243","36782","38441","40437","42909","45156","46594","47882","49060","49353","50203"
Zentrum,Kinder bis unter 3 Jahre,"19","0","0","0","0","0","0","0","0","0","0","0","0"
Zentrum-Ost,Kinder bis unter 3 Jahre,"43","64","68","79","86","76","84","76","131","125","143","155","150"
Zentrum-Südost,Kinder bis unter 3 Jahre,"234","242","234","242","315","364","379","360","351","387","437","435","446"
Zentrum-Süd,Kinder bis unter 3 Jahre,"161","168","170","193","197","199","186","231","214","191","207","147","219"
Zentrum-West,Kinder bis unter 3 Jahre,"105","94","111","96","105","105","101","75","74","150","165","191","208"
Zentrum-Nordwest,Kinder bis unter 3 Jahre,"37","34","33","36","41","83","81","83","83","78","79","77","81"
Zentrum-Nord,Kinder bis unter 3 Jahre,"59","52","46","47","45","81","129","125","110","100","91","89","92"
Schönefeld-Abtnaundorf,Kinder bis unter 3 Jahre,"62","71","60","59","52","52","58","107","109","103","96","124","154"
Schönefeld-Ost,Kinder bis unter 3 Jahre,"149","136","154","156","223","225","279","319","312","303","312","289","274"
Mockau-Süd,Kinder bis unter 3 Jahre,"0","23","30","31","30","34","15","35","28","29","34","28","37"
Mockau-Nord,Kinder bis unter 3 Jahre,"147","124","127","137","122","127","126","133","140","132","121","122","130"
Thekla,Kinder bis unter 3 Jahre,"29","34","51","34","35","51","44","50","49","51","35","50","49"
Plaußig-Portitz,Kinder bis unter 3 Jahre,"4","4","5","38","33","25","28","27","36","36","35","26","28"
Neustadt-Neuschönefeld,Kinder bis unter 3 Jahre,"42","62","100","106","102","162","281","297","277","273","254","249","205"
Volkmarsdorf,Kinder bis unter 3 Jahre,"13","13","16","60","62","60","141","206","166","169","163","155","143"
Anger-Crottendorf,Kinder bis unter 3 Jahre,"75","70","73","75","79","78","70","70","77","113","134","153","110"
Sellerhausen-Stünz,Kinder bis unter 3 Jahre,"152","102","98","98","101","86","83","70","71","69","81","66","114"
Paunsdorf,Kinder bis unter 3 Jahre,"197","195","187","199","217","219","236","241","198","209","226","223","235"
Heiterblick,Kinder bis unter 3 Jahre,"42","39","40","47","83","78","63","60","71","63","58","60","52"
Mölkau,Kinder bis unter 3 Jahre,"29","24","27","26","28","28","22","27","21","23","20","20","21"
Engelsdorf,Kinder bis unter 3 Jahre,"70","63","61","57","64","60","65","83","96","93","87","85","81"
Baalsdorf,Kinder bis unter 3 Jahre,"11","10","9","11","6","12","9","10","11","12","10","11","10"
Althen-Kleinpösna,Kinder bis unter 3 Jahre,"11","18","11","11","12","13","13","17","12","12","14","8","14"
Reudnitz-Thonberg,Kinder bis unter 3 Jahre,"118","120","125","146","130","191","203","176","180","200","264","247","263"
Stötteritz,Kinder bis unter 3 Jahre,"141","123","118","120","122","137","138","138","157","163","181","189","240"
Probstheida,Kinder bis unter 3 Jahre,"79","70","94","91","79","87","91","96","95","87","100","147","141"
Meusdorf,Kinder bis unter 3 Jahre,"0","0","0","0","0","0","0","0","0","0","0","0","0"
Liebertwolkwitz,Kinder bis unter 3 Jahre,"26","24","26","48","51","48","50","49","51","48","49","45","53"
Holzhausen,Kinder bis unter 3 Jahre,"45","55","48","53","57","57","19","55","59","57","51","38","51"
Südvorstadt,Kinder bis unter 3 Jahre,"50","71","70","71","71","72","70","75","116","109","116","111","113"
Connewitz,Kinder bis unter 3 Jahre,"178","149","263","238","230","288","297","346","336","345","340","342","349"
Marienbrunn,Kinder bis unter 3 Jahre,"8","7","30","27","45","58","53","55","55","56","54","54","56"
Lößnig,Kinder bis unter 3 Jahre,"134","188","192","173","185","186","184","175","161","139","160","174","176"
Dölitz-Dösen,Kinder bis unter 3 Jahre,"88","32","32","29","31","55","77","73","70","69","76","70","71"
Schleußig,Kinder bis unter 3 Jahre,"12","13","9","12","12","12","10","10","12","12","12","10","10"
Plagwitz,Kinder bis unter 3 Jahre,"96","123","135","166","164","163","219","170","154","279","283","295","290"
Kleinzschocher,Kinder bis unter 3 Jahre,"89","94","87","89","83","93","90","89","80","82","62","62","75"
Großzschocher,Kinder bis unter 3 Jahre,"117","113","128","119","112","114","115","123","92","101","107","107","108"
Knautkleeberg-Knauthain,Kinder bis unter 3 Jahre,"31","35","31","35","69","77","71","73","58","66","65","70","70"
Hartmannsdorf-Knautnaundorf,Kinder bis unter 3 Jahre,"0","0","0","0","0","0","0","0","0","0","0","0","0"
Schönau,Kinder bis unter 3 Jahre,"51","71","101","115","127","109","106","106","113","108","108","111","104"
Grünau-Ost,Kinder bis unter 3 Jahre,"137","108","95","102","130","128","135","140","124","107","122","114","118"
Grünau-Mitte,Kinder bis unter 3 Jahre,"107","125","119","120","118","118","105","125","124","119","115","104","100"
Grünau-Siedlung,Kinder bis unter 3 Jahre,"0","0","0","0","0","0","0","0","0","0","0","0","0"
Lausen-Grünau,Kinder bis unter 3 Jahre,"129","122","116","113","116","121","115","115","122","125","117","118","112"
Grünau-Nord,Kinder bis unter 3 Jahre,"91","99","66","87","102","108","106","108","111","164","153","159","137"
Miltitz,Kinder bis unter 3 Jahre,"8","10","9","7","8","9","10","12","11","12","12","11","10"
Lindenau,Kinder bis unter 3 Jahre,"29","42","32","40","56","109","129","136","137","51","40","46","47"
Altlindenau,Kinder bis unter 3 Jahre,"54","54","69","84","87","78","78","90","166","171","131","161","178"
Neulindenau,Kinder bis unter 3 Jahre,"62","70","105","90","99","149","224","214","203","183","186","173","191"
Leutzsch,Kinder bis unter 3 Jahre,"127","126","122","80","84","113","158","195","189","193","207","205","199"
Böhlitz-Ehrenberg,Kinder bis unter 3 Jahre,"51","52","56","91","85","85","87","79","77","83","66","87","97"
Burghausen-Rückmarsdorf,Kinder bis unter 3 Jahre,"56","52","50","41","45","51","56","53","55","45","46","44","49"
Möckern,Kinder bis unter 3 Jahre,"202","189","198","208","184","194","207","234","220","251","221","203","221"
Wahren,Kinder bis unter 3 Jahre,"12","15","13","12","16","16","53","47","41","48","44","49","45"
Lützschena-Stahmeln,Kinder bis unter 3 Jahre,"36","38","37","40","42","44","42","44","42","43","44","43","43"
Lindenthal,Kinder bis unter 3 Jahre,"51","54","45","51","55","53","53","49","86","81","82","83","86"
Gohlis-Süd,Kinder bis unter 3 Jahre,"94","108","138","135","151","148","201","212","197","200","209","208","225"
Gohlis-Mitte,Kinder bis unter 3 Jahre,"32","30","26","22","69","14","35","32","33","30","33","59","59"
Gohlis-Nord,Kinder bis unter 3 Jahre,"125","112","112","121","124","114","125","159","153","144","209","217","238"
Eutritzsch,Kinder bis unter 3 Jahre,"123","130","130","149","141","149","161","157","158","144","156","151","151"
Seehausen,Kinder bis unter 3 Jahre,"11","11","12","12","13","12","12","11","12","13","11","28","42"
Wiederitzsch,Kinder bis unter 3 Jahre,"20","20","78","74","72","67","22","77","75","127","120","115","117"
Mitte,Kinder bis unter 3 Jahre,"658","654","662","693","789","908","960","950","963","1031","1122","1094","1196"
Nordost,Kinder bis unter 3 Jahre,"391","392","427","455","495","514","550","671","674","654","633","639","672"
Ost,Kinder bis unter 3 Jahre,"642","596","622","690","754","796","983","1081","1000","1036","1047","1030","985"
Südost,Kinder bis unter 3 Jahre,"409","392","411","458","439","520","501","514","542","555","645","666","748"
Süd,Kinder bis unter 3 Jahre,"458","447","587","538","562","659","681","724","738","718","746","751","765"
Südwest,Kinder bis unter 3 Jahre,"345","378","390","421","440","459","505","465","396","540","529","544","553"
West,Kinder bis unter 3 Jahre,"523","535","506","544","601","593","577","606","605","635","627","617","581"
Alt-West,Kinder bis unter 3 Jahre,"379","396","434","426","456","585","732","767","827","726","676","716","761"
Nordwest,Kinder bis unter 3 Jahre,"301","296","293","311","297","307","355","374","389","423","391","378","395"
Nord,Kinder bis unter 3 Jahre,"405","411","496","513","570","504","556","648","628","658","738","778","832"
Stadt Leipzig,Kinder bis unter 3 Jahre,"4511","4497","4828","5049","5403","5845","6400","6800","6762","6976","7154","7213","7488"
Zentrum,Kinder 3 bis unter 6 Jahre,"73","0","0","0","0","0","0","0","0","0","0","0","0"
Zentrum-Ost,Kinder 3 bis unter 6 Jahre,"112","179","182","207","189","208","204","208","314","314","290","299","306"
Zentrum-Südost,Kinder 3 bis unter 6 Jahre,"494","541","540","515","544","753","805","816","803","903","970","947","958"
Zentrum-Süd,Kinder 3 bis unter 6 Jahre,"346","363","366","375","391","394","426","409","451","436","423","344","399"
Zentrum-West,Kinder 3 bis unter 6 Jahre,"316","299","304","321","330","311","299","275","257","313","352","427","380"
Zentrum-Nordwest,Kinder 3 bis unter 6 Jahre,"90","87","86","90","87","187","191","181","183","182","184","177","179"
Zentrum-Nord,Kinder 3 bis unter 6 Jahre,"147","149","135","147","130","212","261","281","279","300","282","273","270"
Schönefeld-Abtnaundorf,Kinder 3 bis unter 6 Jahre,"224","232","177","168","191","176","177","234","245","268","254","288","291"
Schönefeld-Ost,Kinder 3 bis unter 6 Jahre,"510","479","475","465","450","479","593","644","635","674","648","675","621"
Mockau-Süd,Kinder 3 bis unter 6 Jahre,"32","72","88","86","86","83","82","77","89","83","84","68","69"
Mockau-Nord,Kinder 3 bis unter 6 Jahre,"276","276","283","310","315","321","311","297","305","326","310","308","290"
Thekla,Kinder 3 bis unter 6 Jahre,"83","88","133","130","121","150","135","133","135","140","129","138","130"
Plaußig-Portitz,Kinder 3 bis unter 6 Jahre,"18","16","11","39","54","62","53","49","43","32","48","51","51"
Neustadt-Neuschönefeld,Kinder 3 bis unter 6 Jahre,"124","176","326","347","331","354","544","603","620","581","626","585","557"
Volkmarsdorf,Kinder 3 bis unter 6 Jahre,"34","34","29","188","208","189","243","301","371","383","377","337","330"
Anger-Crottendorf,Kinder 3 bis unter 6 Jahre,"161","185","170","190","171","176","171","179","187","169","190","315","231"
Sellerhausen-Stünz,Kinder 3 bis unter 6 Jahre,"372","223","238","236","230","219","188","172","138","140","183","136","208"
Paunsdorf,Kinder 3 bis unter 6 Jahre,"358","351","423","431","520","533","526","491","499","504","485","462","474"
Heiterblick,Kinder 3 bis unter 6 Jahre,"74","71","76","87","134","137","143","134","135","143","145","138","129"
Mölkau,Kinder 3 bis unter 6 Jahre,"129","123","122","133","129","131","123","119","123","119","122","111","105"
Engelsdorf,Kinder 3 bis unter 6 Jahre,"215","204","220","220","206","209","209","210","195","193","206","204","201"
Baalsdorf,Kinder 3 bis unter 6 Jahre,"20","19","18","20","21","17","21","18","22","18","18","17","22"
Althen-Kleinpösna,Kinder 3 bis unter 6 Jahre,"17","30","33","28","32","30","29","31","31","30","32","35","28"
Reudnitz-Thonberg,Kinder 3 bis unter 6 Jahre,"338","344","362","356","386","442","504","498","488","485","594","609","625"
Stötteritz,Kinder 3 bis unter 6 Jahre,"386","409","373","424","409","361","370","374","428","411","437","479","504"
Probstheida,Kinder 3 bis unter 6 Jahre,"178","187","207","221","243","222","211","209","215","220","225","287","324"
Meusdorf,Kinder 3 bis unter 6 Jahre,"0","0","0","0","0","0","0","0","0","0","0","0","0"
Liebertwolkwitz,Kinder 3 bis unter 6 Jahre,"93","86","102","110","103","107","114","111","95","114","114","114","91"
Holzhausen,Kinder 3 bis unter 6 Jahre,"123","120","127","115","119","117","115","128","109","113","125","130","110"
Südvorstadt,Kinder 3 bis unter 6 Jahre,"148","133","130","145","142","135","133","139","168","205","220","231","189"
Connewitz,Kinder 3 bis unter 6 Jahre,"324","353","494","504","516","549","637","771","803","791","785","802","763"
Marienbrunn,Kinder 3 bis unter 6 Jahre,"20","18","70","76","81","122","112","121","114","112","117","108","109"
Lößnig,Kinder 3 bis unter 6 Jahre,"382","539","555","597","628","610","585","548","504","512","508","513","496"
Dölitz-Dösen,Kinder 3 bis unter 6 Jahre,"279","120","130","141","121","133","187","226","217","226","218","219","193"
Schleußig,Kinder 3 bis unter 6 Jahre,"173","172","181","175","183","64","64","61","61","58","55","59","54"
Plagwitz,Kinder 3 bis unter 6 Jahre,"330","420","442","492","496","495","580","489","465","686","738","716","716"
Kleinzschocher,Kinder 3 bis unter 6 Jahre,"209","196","218","215","229","225","255","267","268","270","273","263","234"
Großzschocher,Kinder 3 bis unter 6 Jahre,"244","284","260","286","288","296","287","264","261","242","235","250","266"
Knautkleeberg-Knauthain,Kinder 3 bis unter 6 Jahre,"94","94","82","86","143","191","205","162","147","129","146","136","134"
Hartmannsdorf-Knautnaundorf,Kinder 3 bis unter 6 Jahre,"0","0","0","0","0","0","0","0","0","0","0","0","0"
Schönau,Kinder 3 bis unter 6 Jahre,"153","140","225","256","237","249","247","239","238","239","242","253","240"
Grünau-Ost,Kinder 3 bis unter 6 Jahre,"319","238","252","298","318","293","327","325","331","314","322","345","338"
Grünau-Mitte,Kinder 3 bis unter 6 Jahre,"282","267","307","289","289","288","295","290","290","307","298","272","280"
Grünau-Siedlung,Kinder 3 bis unter 6 Jahre,"0","0","0","0","0","0","0","0","0","0","0","0","0"
Lausen-Grünau,Kinder 3 bis unter 6 Jahre,"318","306","305","358","344","345","328","359","344","330","351","353","329"
Grünau-Nord,Kinder 3 bis unter 6 Jahre,"320","306","240","236","279","274","300","266","273","331","370","329","374"
Miltitz,Kinder 3 bis unter 6 Jahre,"26","25","28","30","30","31","30","32","34","31","28","32","24"
Lindenau,Kinder 3 bis unter 6 Jahre,"84","76","100","110","199","348","321","314","352","179","181","181","167"
Altlindenau,Kinder 3 bis unter 6 Jahre,"174","182","246","302","278","290","263","272","336","338","295","375","387"
Neulindenau,Kinder 3 bis unter 6 Jahre,"190","198","281","306","273","372","437","468","469","472","449","454","423"
Leutzsch,Kinder 3 bis unter 6 Jahre,"354","347","405","243","248","288","342","461","498","510","539","542","529"
Böhlitz-Ehrenberg,Kinder 3 bis unter 6 Jahre,"149","157","160","183","192","209","200","213","215","206","187","203","221"
Burghausen-Rückmarsdorf,Kinder 3 bis unter 6 Jahre,"112","100","123","129","121","110","110","114","105","118","120","118","101"
Möckern,Kinder 3 bis unter 6 Jahre,"412","466","446","456","449","458","446","435","432","556","540","527","467"
Wahren,Kinder 3 bis unter 6 Jahre,"56","52","50","53","54","55","135","140","150","115","140","137","135"
Lützschena-Stahmeln,Kinder 3 bis unter 6 Jahre,"86","88","94","84","88","89","98","93","82","94","88","102","96"
Lindenthal,Kinder 3 bis unter 6 Jahre,"118","124","128","115","115","121","120","116","148","155","176","179","169"
Gohlis-Süd,Kinder 3 bis unter 6 Jahre,"275","296","381","400","416","414","499","535","541","519","596","578","572"
Gohlis-Mitte,Kinder 3 bis unter 6 Jahre,"86","136","93","147","91","119","151","128","135","132","130","164","167"
Gohlis-Nord,Kinder 3 bis unter 6 Jahre,"355","311","338","269","291","301","282","334","334","338","461","480","504"
Eutritzsch,Kinder 3 bis unter 6 Jahre,"371","330","343","368","395","386","359","377","360","385","359","373","360"
Seehausen,Kinder 3 bis unter 6 Jahre,"40","43","43","42","42","44","45","43","41","44","45","53","75"
Wiederitzsch,Kinder 3 bis unter 6 Jahre,"102","88","186","193","194","199","99","185","177","265","273","267","263"
Mitte,Kinder 3 bis unter 6 Jahre,"1578","1618","1613","1655","1671","2065","2186","2170","2287","2448","2501","2467","2492"
Nordost,Kinder 3 bis unter 6 Jahre,"1143","1163","1167","1198","1217","1271","1351","1434","1452","1523","1473","1528","1452"
Ost,Kinder 3 bis unter 6 Jahre,"1504","1416","1655","1880","1982","1995","2197","2258","2321","2280","2384","2340","2285"
Südost,Kinder 3 bis unter 6 Jahre,"1118","1146","1171","1226","1260","1249","1314","1320","1335","1343","1495","1619","1654"
Süd,Kinder 3 bis unter 6 Jahre,"1153","1163","1379","1463","1488","1549","1654","1805","1806","1846","1848","1873","1750"
Südwest,Kinder 3 bis unter 6 Jahre,"1050","1166","1183","1254","1339","1271","1391","1243","1202","1385","1447","1424","1404"
West,Kinder 3 bis unter 6 Jahre,"1418","1282","1357","1467","1497","1480","1527","1511","1510","1552","1611","1584","1585"
Alt-West,Kinder 3 bis unter 6 Jahre,"1063","1060","1315","1273","1311","1617","1673","1842","1975","1823","1771","1873","1828"
Nordwest,Kinder 3 bis unter 6 Jahre,"672","730","718","708","706","723","799","784","812","920","944","945","867"
Nord,Kinder 3 bis unter 6 Jahre,"1229","1204","1384","1419","1429","1463","1435","1602","1588","1683","1864","1915","1941"
Stadt Leipzig,Kinder 3 bis unter 6 Jahre,"11928","11948","12942","13543","13900","14683","15527","15969","16288","16803","17338","17568","17258"
Zentrum,Kinder 6 Jahre und älter,"12","0","0","0","0","0","0","0","0","0","0","0","0"
Zentrum-Ost,Kinder 6 Jahre und älter,"307","327","330","340","385","397","395","397","424","428","458","471","463"
Zentrum-Südost,Kinder 6 Jahre und älter,"311","329","392","450","469","526","601","674","757","804","867","914","929"
Zentrum-Süd,Kinder 6 Jahre und älter,"480","508","517","541","599","601","577","639","611","605","629","608","612"
Zentrum-West,Kinder 6 Jahre und älter,"703","758","717","741","701","732","769","854","857","909","991","970","1012"
Zentrum-Nordwest,Kinder 6 Jahre und älter,"18","19","112","161","231","270","295","363","378","370","329","337","326"
Zentrum-Nord,Kinder 6 Jahre und älter,"26","27","35","26","43","33","49","46","67","59","81","79","65"
Schönefeld-Abtnaundorf,Kinder 6 Jahre und älter,"255","237","576","307","307","311","342","368","406","394","391","393","408"
Schönefeld-Ost,Kinder 6 Jahre und älter,"314","302","331","331","354","321","331","413","451","425","421","399","431"
Mockau-Süd,Kinder 6 Jahre und älter,"109","135","111","123","118","125","163","178","199","235","236","253","241"
Mockau-Nord,Kinder 6 Jahre und älter,"286","289","277","294","321","331","335","381","396","425","427","431","440"
Thekla,Kinder 6 Jahre und älter,"97","100","30","17","37","36","40","41","36","32","38","40","42"
Plaußig-Portitz,Kinder 6 Jahre und älter,"106","129","180","189","192","212","232","275","283","301","282","271","311"
Neustadt-Neuschönefeld,Kinder 6 Jahre und älter,"398","447","514","503","517","557","618","702","769","848","773","764","835"
Volkmarsdorf,Kinder 6 Jahre und älter,"8","8","9","30","35","54","58","67","74","74","75","100","134"
Anger-Crottendorf,Kinder 6 Jahre und älter,"417","409","422","427","447","471","505","543","577","562","536","607","614"
Sellerhausen-Stünz,Kinder 6 Jahre und älter,"609","543","595","620","625","642","623","623","630","641","676","625","623"
Paunsdorf,Kinder 6 Jahre und älter,"416","448","478","506","513","609","567","693","705","674","665","653","672"
Heiterblick,Kinder 6 Jahre und älter,"90","96","17","17","25","27","25","43","31","32","33","37","38"
Mölkau,Kinder 6 Jahre und älter,"173","181","180","195","198","197","210","224","265","263","282","263","241"
Engelsdorf,Kinder 6 Jahre und älter,"378","362","363","359","380","382","434","437","458","465","444","437","451"
Baalsdorf,Kinder 6 Jahre und älter,"3","5","7","3","7","5","4","6","1","4","6","6","2"
Althen-Kleinpösna,Kinder 6 Jahre und älter,"3","1","5","10","4","6","7","3","9","10","6","9","7"
Reudnitz-Thonberg,Kinder 6 Jahre und älter,"368","388","389","415","423","434","463","511","544","547","578","350","548"
Stötteritz,Kinder 6 Jahre und älter,"335","344","372","393","448","458","437","452","454","484","481","472","507"
Probstheida,Kinder 6 Jahre und älter,"144","149","173","190","198","218","234","249","241","248","263","267","462"
Meusdorf,Kinder 6 Jahre und älter,"141","151","152","151","151","155","156","167","170","178","178","170","0"
Liebertwolkwitz,Kinder 6 Jahre und älter,"214","230","206","197","200","195","185","194","207","211","197","201","222"
Holzhausen,Kinder 6 Jahre und älter,"164","160","168","174","172","176","233","220","225","230","209","195","207"
Südvorstadt,Kinder 6 Jahre und älter,"334","355","408","410","427","455","539","552","651","660","702","781","836"
Connewitz,Kinder 6 Jahre und älter,"333","366","387","449","485","532","567","640","630","645","630","574","588"
Marienbrunn,Kinder 6 Jahre und älter,"256","249","264","245","249","238","248","299","323","308","299","316","315"
Lößnig,Kinder 6 Jahre und älter,"191","260","295","369","438","425","440","445","427","454","477","493","501"
Dölitz-Dösen,Kinder 6 Jahre und älter,"281","289","265","287","329","340","392","449","476","482","481","455","483"
Schleußig,Kinder 6 Jahre und älter,"578","619","645","680","679","665","666","650","688","675","673","682","670"
Plagwitz,Kinder 6 Jahre und älter,"425","466","527","619","707","723","799","806","801","846","933","770","716"
Kleinzschocher,Kinder 6 Jahre und älter,"115","114","106","115","111","131","117","111","110","122","145","337","395"
Großzschocher,Kinder 6 Jahre und älter,"295","323","335","322","323","276","331","373","385","424","402","379","348"
Knautkleeberg-Knauthain,Kinder 6 Jahre und älter,"213","200","215","225","231","274","260","269","301","300","292","300","325"
Hartmannsdorf-Knautnaundorf,Kinder 6 Jahre und älter,"0","0","0","0","0","0","0","0","0","0","0","0","0"
Schönau,Kinder 6 Jahre und älter,"113","165","186","169","172","176","171","189","183","192","200","194","212"
Grünau-Ost,Kinder 6 Jahre und älter,"475","505","501","549","557","580","592","615","639","682","641","638","629"
Grünau-Mitte,Kinder 6 Jahre und älter,"389","438","406","432","413","435","499","521","561","562","564","571","579"
Grünau-Siedlung,Kinder 6 Jahre und älter,"0","0","0","0","0","0","0","0","0","0","0","0","0"
Lausen-Grünau,Kinder 6 Jahre und älter,"231","292","313","318","365","386","416","410","456","506","510","486","511"
Grünau-Nord,Kinder 6 Jahre und älter,"373","390","389","413","413","420","415","501","520","542","543","558","494"
Miltitz,Kinder 6 Jahre und älter,"4","8","7","6","5","6","10","8","5","8","10","5","8"
Lindenau,Kinder 6 Jahre und älter,"24","25","20","17","32","71","68","75","69","32","39","168","281"
Altlindenau,Kinder 6 Jahre und älter,"473","488","523","586","595","663","696","718","756","757","803","810","818"
Neulindenau,Kinder 6 Jahre und älter,"247","260","299","309","365","327","361","389","447","484","534","485","468"
Leutzsch,Kinder 6 Jahre und älter,"228","232","237","208","236","267","291","320","327","350","380","375","361"
Böhlitz-Ehrenberg,Kinder 6 Jahre und älter,"344","357","350","381","391","379","388","389","383","390","417","427","426"
Burghausen-Rückmarsdorf,Kinder 6 Jahre und älter,"163","168","153","149","151","161","152","161","173","159","142","152","155"
Möckern,Kinder 6 Jahre und älter,"446","421","450","455","500","478","486","497","538","522","585","594","603"
Wahren,Kinder 6 Jahre und älter,"118","118","116","128","127","125","139","156","178","203","194","215","249"
Lützschena-Stahmeln,Kinder 6 Jahre und älter,"140","138","125","147","135","143","131","148","170","176","175","176","182"
Lindenthal,Kinder 6 Jahre und älter,"145","135","135","159","149","162","172","182","193","195","220","232","256"
Gohlis-Süd,Kinder 6 Jahre und älter,"651","696","728","775","822","867","955","958","1008","985","1000","1035","1070"
Gohlis-Mitte,Kinder 6 Jahre und älter,"16","23","14","27","35","28","19","32","29","32","28","33","47"
Gohlis-Nord,Kinder 6 Jahre und älter,"484","485","559","617","628","669","713","641","668","714","748","781","796"
Eutritzsch,Kinder 6 Jahre und älter,"490","506","500","550","590","624","655","651","734","750","761","731","776"
Seehausen,Kinder 6 Jahre und älter,"72","81","90","83","85","92","95","108","125","119","112","108","112"
Wiederitzsch,Kinder 6 Jahre und älter,"259","279","267","281","293","310","311","361","365","369","376","389","404"
Mitte,Kinder 6 Jahre und älter,"1857","1968","2103","2259","2428","2559","2686","2973","3094","3175","3355","3379","3407"
Nordost,Kinder 6 Jahre und älter,"1167","1192","1505","1261","1329","1336","1443","1656","1771","1812","1795","1787","1873"
Ost,Kinder 6 Jahre und älter,"2495","2500","2590","2670","2751","2950","3051","3341","3519","3573","3496","3501","3617"
Südost,Kinder 6 Jahre und älter,"1366","1422","1460","1520","1592","1636","1708","1793","1841","1898","1906","1655","1946"
Süd,Kinder 6 Jahre und älter,"1395","1519","1619","1760","1928","1990","2186","2385","2507","2549","2589","2619","2723"
Südwest,Kinder 6 Jahre und älter,"1626","1722","1828","1961","2051","2069","2173","2209","2285","2367","2445","2468","2454"
West,Kinder 6 Jahre und älter,"1585","1798","1802","1887","1925","2003","2103","2244","2364","2492","2468","2452","2433"
Alt-West,Kinder 6 Jahre und älter,"1479","1530","1582","1650","1770","1868","1956","2052","2155","2172","2315","2417","2509"
Nordwest,Kinder 6 Jahre und älter,"849","812","826","889","911","908","928","983","1079","1096","1174","1217","1290"
Nord,Kinder 6 Jahre und älter,"1972","2070","2158","2333","2453","2590","2748","2751","2929","2969","3025","3077","3205"
Stadt Leipzig,Kinder 6 Jahre und älter,"15791","16533","17473","18190","19138","19909","20982","22387","23544","24103","24568","24572","25457"
Zentrum,Kinder ohne Migrationshintergrund,"62","0","0","0","0","0","0","0","0","0","0","0","0"
Zentrum-Ost,Kinder ohne Migrationshintergrund,"448","557","568","577","639","655","640","645","784","782","803","853","864"
Zentrum-Südost,Kinder ohne Migrationshintergrund,"739","805","869","930","1018","1248","1384","1405","1429","1526","1623","1662","1672"
Zentrum-Süd,Kinder ohne Migrationshintergrund,"871","888","882","951","1031","1018","1030","1090","1064","998","1015","872","943"
Zentrum-West,Kinder ohne Migrationshintergrund,"941","943","938","963","945","950","969","981","955","1098","1207","1289","1281"
Zentrum-Nordwest,Kinder ohne Migrationshintergrund,"129","122","206","256","324","486","518","574","586","565","529","525","525"
Zentrum-Nord,Kinder ohne Migrationshintergrund,"200","199","205","204","210","294","373","382","387","369","394","374","355"
Schönefeld-Abtnaundorf,Kinder ohne Migrationshintergrund,"458","461","735","449","465","452","476","604","670","634","591","584","588"
Schönefeld-Ost,Kinder ohne Migrationshintergrund,"843","778","799","784","857","849","993","1117","1122","1126","1088","1075","923"
Mockau-Süd,Kinder ohne Migrationshintergrund,"138","199","192","201","203","204","222","247","274","296","299","300","297"
Mockau-Nord,Kinder ohne Migrationshintergrund,"633","615","610","655","694","695","681","699","688","714","709","677","663"
Thekla,Kinder ohne Migrationshintergrund,"193","205","197","159","173","209","191","193","179","175","146","154","146"
Plaußig-Portitz,Kinder ohne Migrationshintergrund,"123","148","187","255","262","287","297","334","336","355","342","338","386"
Neustadt-Neuschönefeld,Kinder ohne Migrationshintergrund,"303","362","501","513","520","587","759","846","907","934","893","850","782"
Volkmarsdorf,Kinder ohne Migrationshintergrund,"40","40","38","164","187","167","264","327","346","363","359","342","320"
Anger-Crottendorf,Kinder ohne Migrationshintergrund,"548","550","576","590","590","629","608","662","691","680","647","758","677"
Sellerhausen-Stünz,Kinder ohne Migrationshintergrund,"874","740","797","796","784","768","716","692","675","705","743","664","720"
Paunsdorf,Kinder ohne Migrationshintergrund,"864","872","961","1012","1098","1149","1128","1154","1058","1050","1011","955","959"
Heiterblick,Kinder ohne Migrationshintergrund,"183","183","113","130","196","196","207","199","197","200","195","193","172"
Mölkau,Kinder ohne Migrationshintergrund,"311","313","312","335","334","336","327","343","367","369","380","344","321"
Engelsdorf,Kinder ohne Migrationshintergrund,"640","605","625","621","627","614","685","705","708","720","711","697","693"
Baalsdorf,Kinder ohne Migrationshintergrund,"34","34","34","34","34","34","34","34","34","34","34","34","34"
Althen-Kleinpösna,Kinder ohne Migrationshintergrund,"31","48","48","49","48","49","49","50","51","52","52","52","48"
Reudnitz-Thonberg,Kinder ohne Migrationshintergrund,"637","650","662","691","743","840","923","918","955","971","1097","943","1113"
Stötteritz,Kinder ohne Migrationshintergrund,"810","817","815","879","904","887","880","901","958","970","1009","1046","1127"
Probstheida,Kinder ohne Migrationshintergrund,"374","374","440","458","470","489","500","520","520","516","529","613","814"
Meusdorf,Kinder ohne Migrationshintergrund,"135","150","146","147","147","148","151","160","163","170","170","157","0"
Liebertwolkwitz,Kinder ohne Migrationshintergrund,"323","304","322","335","333","323","330","336","339","355","347","342","345"
Holzhausen,Kinder ohne Migrationshintergrund,"326","319","325","323","334","334","350","368","361","370","361","344","341"
Südvorstadt,Kinder ohne Migrationshintergrund,"460","501","537","559","559","576","622","646","807","858","912","977","1000"
Connewitz,Kinder ohne Migrationshintergrund,"772","803","1061","1099","1145","1245","1351","1565","1592","1591","1580","1532","1512"
Marienbrunn,Kinder ohne Migrationshintergrund,"269","258","335","319","355","390","375","413","424","432","433","434","430"
Lößnig,Kinder ohne Migrationshintergrund,"675","919","968","1067","1168","1130","1093","1028","977","974","995","1021","1011"
Dölitz-Dösen,Kinder ohne Migrationshintergrund,"570","389","381","411","423","477","600","666","677","685","681","640","629"
Schleußig,Kinder ohne Migrationshintergrund,"604","598","556","652","621","549","594","556","655","592","581","564","556"
Plagwitz,Kinder ohne Migrationshintergrund,"778","915","994","1148","1224","1230","1445","1310","1257","1462","1601","1472","1433"
Kleinzschocher,Kinder ohne Migrationshintergrund,"392","388","390","378","390","412","421","427","403","403","396","519","543"
Großzschocher,Kinder ohne Migrationshintergrund,"620","674","685","689","686","650","692","699","672","694","669","662","638"
Knautkleeberg-Knauthain,Kinder ohne Migrationshintergrund,"335","325","322","339","433","519","517","495","497","487","490","492","516"
Hartmannsdorf-Knautnaundorf,Kinder ohne Migrationshintergrund,"0","0","0","0","0","0","0","0","0","0","0","0","0"
Schönau,Kinder ohne Migrationshintergrund,"286","325","443","482","482","466","457","475","437","457","469","443","445"
Grünau-Ost,Kinder ohne Migrationshintergrund,"833","759","721","806","857","831","869","866","860","835","794","789","764"
Grünau-Mitte,Kinder ohne Migrationshintergrund,"620","665","660","655","631","648","660","646","636","618","606","589","584"
Grünau-Siedlung,Kinder ohne Migrationshintergrund,"0","0","0","0","0","0","0","0","0","0","0","0","0"
Lausen-Grünau,Kinder ohne Migrationshintergrund,"617","642","659","696","739","732","746","761","790","790","763","717","681"
Grünau-Nord,Kinder ohne Migrationshintergrund,"716","725","627","672","721","736","748","744","734","817","802","772","733"
Miltitz,Kinder ohne Migrationshintergrund,"38","43","44","43","43","44","48","45","44","48","47","42","38"
Lindenau,Kinder ohne Migrationshintergrund,"99","114","117","130","222","336","343","331","406","212","203","323","426"
Altlindenau,Kinder ohne Migrationshintergrund,"602","625","730","852","821","857","867","901","1048","1061","1045","1148","1175"
Neulindenau,Kinder ohne Migrationshintergrund,"458","471","604","624","653","738","874","902","941","945","942","921","877"
Leutzsch,Kinder ohne Migrationshintergrund,"642","639","692","489","513","601","688","827","856","884","963","946","916"
Böhlitz-Ehrenberg,Kinder ohne Migrationshintergrund,"520","535","538","612","623","623","625","627","625","640","633","673","688"
Burghausen-Rückmarsdorf,Kinder ohne Migrationshintergrund,"331","319","322","314","305","315","309","312","319","302","291","294","289"
Möckern,Kinder ohne Migrationshintergrund,"980","976","984","1007","986","983","997","997","1015","1114","1112","1077","1056"
Wahren,Kinder ohne Migrationshintergrund,"164","159","161","164","175","174","287","312","332","321","317","324","348"
Lützschena-Stahmeln,Kinder ohne Migrationshintergrund,"256","263","252","268","257","262","253","260","268","287","286","299","298"
Lindenthal,Kinder ohne Migrationshintergrund,"305","305","297","317","298","322","333","332","392","390","441","466","483"
Gohlis-Süd,Kinder ohne Migrationshintergrund,"887","928","1057","1118","1177","1204","1401","1441","1478","1431","1491","1477","1491"
Gohlis-Mitte,Kinder ohne Migrationshintergrund,"119","171","124","179","169","137","174","164","166","157","156","209","210"
Gohlis-Nord,Kinder ohne Migrationshintergrund,"856","794","878","897","930","975","1019","1017","1026","1038","1192","1250","1290"
Eutritzsch,Kinder ohne Migrationshintergrund,"853","826","838","911","930","970","957","951","1005","1030","1049","1039","1056"
Seehausen,Kinder ohne Migrationshintergrund,"122","130","141","137","137","142","147","155","169","169","158","181","213"
Wiederitzsch,Kinder ohne Migrationshintergrund,"371","380","518","536","532","552","416","592","594","707","713","728","736"
Mitte,Kinder ohne Migrationshintergrund,"3390","3514","3668","3881","4167","4651","4914","5077","5205","5338","5571","5575","5640"
Nordost,Kinder ohne Migrationshintergrund,"2388","2406","2720","2503","2654","2696","2860","3194","3269","3300","3175","3128","3003"
Ost,Kinder ohne Migrationshintergrund,"3828","3747","4005","4244","4418","4529","4777","5012","5034","5107","5025","4889","4726"
Südost,Kinder ohne Migrationshintergrund,"2605","2614","2710","2833","2931","3021","3134","3203","3296","3352","3513","3445","3740"
Süd,Kinder ohne Migrationshintergrund,"2746","2870","3282","3455","3650","3818","4041","4318","4477","4540","4601","4604","4582"
Südwest,Kinder ohne Migrationshintergrund,"2729","2900","2947","3206","3354","3360","3669","3487","3484","3638","3737","3709","3686"
West,Kinder ohne Migrationshintergrund,"3110","3159","3154","3354","3473","3457","3528","3537","3501","3565","3481","3352","3245"
Alt-West,Kinder ohne Migrationshintergrund,"2652","2703","3003","3021","3137","3470","3706","3900","4195","4044","4077","4305","4371"
Nordwest,Kinder ohne Migrationshintergrund,"1705","1703","1694","1756","1716","1741","1870","1901","2007","2112","2156","2166","2185"
Nord,Kinder ohne Migrationshintergrund,"3208","3229","3556","3778","3875","3980","4114","4320","4438","4532","4759","4884","4996"
Stadt Leipzig,Kinder ohne Migrationshintergrund,"28361","28845","30739","32031","33375","34723","36613","37949","38906","39528","40095","40057","40174"
Zentrum,Kinder mit Migrationshintergrund,"42","0","0","0","0","0","0","0","0","0","0","0","0"
Zentrum-Ost,Kinder mit Migrationshintergrund,"14","13","12","49","21","26","43","36","85","85","88","72","55"
Zentrum-Südost,Kinder mit Migrationshintergrund,"300","307","297","277","310","395","401","445","482","568","651","634","661"
Zentrum-Süd,Kinder mit Migrationshintergrund,"116","151","171","158","156","176","159","189","212","234","244","227","287"
Zentrum-West,Kinder mit Migrationshintergrund,"183","208","194","195","191","198","200","223","233","274","301","299","319"
Zentrum-Nordwest,Kinder mit Migrationshintergrund,"16","18","25","31","35","54","49","53","58","65","63","66","61"
Zentrum-Nord,Kinder mit Migrationshintergrund,"32","29","11","16","8","32","66","70","69","90","60","67","72"
Schönefeld-Abtnaundorf,Kinder mit Migrationshintergrund,"83","79","78","85","85","87","101","105","90","131","150","221","265"
Schönefeld-Ost,Kinder mit Migrationshintergrund,"130","139","161","168","170","176","210","259","276","276","293","288","403"
Mockau-Süd,Kinder mit Migrationshintergrund,"3","31","37","39","31","38","38","43","42","51","55","49","50"
Mockau-Nord,Kinder mit Migrationshintergrund,"76","74","77","86","64","84","91","112","153","169","149","184","197"
Thekla,Kinder mit Migrationshintergrund,"16","17","17","22","20","28","28","31","41","48","56","74","75"
Plaußig-Portitz,Kinder mit Migrationshintergrund,"5","1","9","11","17","12","16","17","26","14","23","10","4"
Neustadt-Neuschönefeld,Kinder mit Migrationshintergrund,"261","323","439","443","430","486","684","756","759","768","760","748","815"
Volkmarsdorf,Kinder mit Migrationshintergrund,"15","15","16","114","118","136","178","247","265","263","256","250","287"
Anger-Crottendorf,Kinder mit Migrationshintergrund,"105","114","89","102","107","96","138","130","150","164","213","317","278"
Sellerhausen-Stünz,Kinder mit Migrationshintergrund,"259","128","134","158","172","179","178","173","164","145","197","163","225"
Paunsdorf,Kinder mit Migrationshintergrund,"107","122","127","124","152","212","201","271","344","337","365","383","422"
Heiterblick,Kinder mit Migrationshintergrund,"23","23","20","21","46","46","24","38","40","38","41","42","47"
Mölkau,Kinder mit Migrationshintergrund,"20","15","17","19","21","20","28","27","42","36","44","50","46"
Engelsdorf,Kinder mit Migrationshintergrund,"23","24","19","15","23","37","23","25","41","31","26","29","40"
Baalsdorf,Kinder mit Migrationshintergrund,"0","0","0","0","0","0","0","0","1","0","0","0","0"
Althen-Kleinpösna,Kinder mit Migrationshintergrund,"0","1","1","0","0","0","0","1","0","0","0","0","1"
Reudnitz-Thonberg,Kinder mit Migrationshintergrund,"187","202","214","226","196","227","247","267","257","261","339","263","323"
Stötteritz,Kinder mit Migrationshintergrund,"52","59","48","58","75","69","65","63","81","88","90","94","124"
Probstheida,Kinder mit Migrationshintergrund,"27","32","34","44","50","38","36","34","31","39","59","88","113"
Meusdorf,Kinder mit Migrationshintergrund,"6","1","6","4","4","7","5","7","7","8","8","13","0"
Liebertwolkwitz,Kinder mit Migrationshintergrund,"10","36","12","20","21","27","19","18","14","18","13","18","21"
Holzhausen,Kinder mit Migrationshintergrund,"6","16","18","19","14","16","17","35","32","30","24","19","27"
Südvorstadt,Kinder mit Migrationshintergrund,"72","58","71","67","81","86","120","120","128","116","126","146","138"
Connewitz,Kinder mit Migrationshintergrund,"63","65","83","92","86","124","150","192","177","190","175","186","188"
Marienbrunn,Kinder mit Migrationshintergrund,"15","16","29","29","20","28","38","62","68","44","37","44","50"
Lößnig,Kinder mit Migrationshintergrund,"32","68","74","72","83","91","116","140","115","131","150","159","162"
Dölitz-Dösen,Kinder mit Migrationshintergrund,"78","52","46","46","58","51","56","82","86","92","94","104","118"
Schleußig,Kinder mit Migrationshintergrund,"159","206","279","215","253","192","146","165","106","153","159","187","178"
Plagwitz,Kinder mit Migrationshintergrund,"73","94","110","129","143","151","153","155","163","349","353","309","289"
Kleinzschocher,Kinder mit Migrationshintergrund,"21","16","21","41","33","37","41","40","55","71","84","143","161"
Großzschocher,Kinder mit Migrationshintergrund,"36","46","38","38","37","36","41","61","66","73","75","74","84"
Knautkleeberg-Knauthain,Kinder mit Migrationshintergrund,"3","4","6","7","10","23","19","9","9","8","13","14","13"
Hartmannsdorf-Knautnaundorf,Kinder mit Migrationshintergrund,"0","0","0","0","0","0","0","0","0","0","0","0","0"
Schönau,Kinder mit Migrationshintergrund,"31","51","69","58","54","68","67","59","97","82","81","115","111"
Grünau-Ost,Kinder mit Migrationshintergrund,"98","92","127","143","148","170","185","214","234","268","291","308","321"
Grünau-Mitte,Kinder mit Migrationshintergrund,"158","165","172","186","189","193","239","290","339","370","371","358","375"
Grünau-Siedlung,Kinder mit Migrationshintergrund,"0","0","0","0","0","0","0","0","0","0","0","0","0"
Lausen-Grünau,Kinder mit Migrationshintergrund,"61","78","75","93","86","120","113","123","132","171","215","240","271"
Grünau-Nord,Kinder mit Migrationshintergrund,"68","70","68","64","73","68","73","131","170","220","264","274","272"
Miltitz,Kinder mit Migrationshintergrund,"0","0","0","0","0","0","2","7","6","3","3","6","4"
Lindenau,Kinder mit Migrationshintergrund,"38","29","35","37","65","192","175","194","152","50","57","72","69"
Altlindenau,Kinder mit Migrationshintergrund,"99","99","108","120","139","174","170","179","210","205","184","198","208"
Neulindenau,Kinder mit Migrationshintergrund,"41","57","81","81","84","110","148","169","178","194","227","191","205"
Leutzsch,Kinder mit Migrationshintergrund,"67","66","72","42","55","67","103","149","158","169","163","176","173"
Böhlitz-Ehrenberg,Kinder mit Migrationshintergrund,"24","31","28","43","45","50","50","54","50","39","37","44","56"
Burghausen-Rückmarsdorf,Kinder mit Migrationshintergrund,"0","1","4","5","12","7","9","16","14","20","17","20","16"
Möckern,Kinder mit Migrationshintergrund,"80","100","110","112","147","147","142","169","175","215","234","247","235"
Wahren,Kinder mit Migrationshintergrund,"22","26","18","29","22","22","40","31","37","45","61","77","81"
Lützschena-Stahmeln,Kinder mit Migrationshintergrund,"6","1","4","3","8","14","18","25","26","26","21","22","23"
Lindenthal,Kinder mit Migrationshintergrund,"9","8","11","8","21","14","12","15","35","41","37","28","28"
Gohlis-Süd,Kinder mit Migrationshintergrund,"133","172","190","192","212","225","254","264","268","273","314","344","376"
Gohlis-Mitte,Kinder mit Migrationshintergrund,"15","18","9","17","26","24","31","28","31","37","35","47","63"
Gohlis-Nord,Kinder mit Migrationshintergrund,"108","114","131","110","113","109","101","117","129","158","226","228","248"
Eutritzsch,Kinder mit Migrationshintergrund,"131","140","135","156","196","189","218","234","247","249","227","216","231"
Seehausen,Kinder mit Migrationshintergrund,"1","5","4","0","3","6","5","7","9","7","10","8","16"
Wiederitzsch,Kinder mit Migrationshintergrund,"10","7","13","12","27","24","16","31","23","54","56","43","48"
Mitte,Kinder mit Migrationshintergrund,"703","726","710","726","721","881","918","1016","1139","1316","1407","1365","1455"
Nordost,Kinder mit Migrationshintergrund,"313","341","379","411","387","425","484","567","628","689","726","826","994"
Ost,Kinder mit Migrationshintergrund,"813","765","862","996","1069","1212","1454","1668","1806","1782","1902","1982","2161"
Südost,Kinder mit Migrationshintergrund,"288","346","332","371","360","384","389","424","422","444","533","495","608"
Süd,Kinder mit Migrationshintergrund,"260","259","303","306","328","380","480","596","574","573","582","639","656"
Südwest,Kinder mit Migrationshintergrund,"292","366","454","430","476","439","400","430","399","654","684","727","725"
West,Kinder mit Migrationshintergrund,"416","456","511","544","550","619","679","824","978","1114","1225","1301","1354"
Alt-West,Kinder mit Migrationshintergrund,"269","283","328","328","400","600","655","761","762","677","685","701","727"
Nordwest,Kinder mit Migrationshintergrund,"117","135","143","152","198","197","212","240","273","327","353","374","367"
Nord,Kinder mit Migrationshintergrund,"398","456","482","487","577","577","625","681","707","778","868","886","982"
Stadt Leipzig,Kinder mit Migrationshintergrund,"3869","4133","4504","4751","5066","5714","6296","7207","7688","8354","8965","9296","10029"
Zentrum,Schulkinder,"","0","0","0","0","0","0","0","0","0","0","0","0"
Zentrum-Ost,Schulkinder,"","290","293","300","333","352","359","355","356","354","382","405","402"
Zentrum-Südost,Schulkinder,"","245","289","317","342","407","449","500","553","601","654","685","716"
Zentrum-Süd,Schulkinder,"","439","452","475","523","516","513","551","512","534","531","522","525"
Zentrum-West,Schulkinder,"","706","647","674","649","664","694","801","800","841","899","892","916"
Zentrum-Nordwest,Schulkinder,"","0","91","145","214","231","260","316","336","324","289","286","287"
Zentrum-Nord,Schulkinder,"","0","0","0","0","0","0","0","0","0","0","0","0"
Schönefeld-Abtnaundorf,Schulkinder,"","195","531","254","275","264","302","312","348","336","321","336","333"
Schönefeld-Ost,Schulkinder,"","206","219","207","221","209","219","245","277","277","247","235","255"
Mockau-Süd,Schulkinder,"","114","96","106","101","109","127","157","183","215","221","221","221"
Mockau-Nord,Schulkinder,"","221","227","231","244","252","273","302","318","359","343","349","359"
Thekla,Schulkinder,"","74","0","0","0","0","0","0","0","0","0","0","0"
Plaußig-Portitz,Schulkinder,"","127","178","182","184","204","219","256","272","274","271","262","299"
Neustadt-Neuschönefeld,Schulkinder,"","392","432","440","426","478","523","581","616","673","646","614","670"
Volkmarsdorf,Schulkinder,"","0","0","0","0","0","0","0","513","0","0","0","0"
Anger-Crottendorf,Schulkinder,"","375","377","402","407","434","458","505","0","521","499","549","551"
Sellerhausen-Stünz,Schulkinder,"","500","552","569","573","562","573","576","603","615","628","596","577"
Paunsdorf,Schulkinder,"","346","396","403","418","466","445","547","572","547","546","529","538"
Heiterblick,Schulkinder,"","73","0","0","0","0","0","0","0","0","0","0","0"
Mölkau,Schulkinder,"","148","151","166","168","161","167","198","236","233","253","222","200"
Engelsdorf,Schulkinder,"","308","323","314","328","327","384","386","404","406","396","394","401"
Baalsdorf,Schulkinder,"","0","0","0","0","0","0","0","0","0","0","0","0"
Althen-Kleinpösna,Schulkinder,"","0","0","0","0","0","0","0","0","0","0","0","0"
Reudnitz-Thonberg,Schulkinder,"","307","329","329","334","354","364","378","407","425","435","212","425"
Stötteritz,Schulkinder,"","258","283","306","349","359","345","365","344","358","368","369","389"
Probstheida,Schulkinder,"","119","129","140","153","166","172","187","190","195","196","203","403"
Meusdorf,Schulkinder,"","151","152","151","151","155","156","167","170","178","178","170","0"
Liebertwolkwitz,Schulkinder,"","199","184","174","173","163","163","171","172","188","177","180","184"
Holzhausen,Schulkinder,"","139","148","136","142","145","162","197","188","195","183","171","175"
Südvorstadt,Schulkinder,"","323","373","390","402","421","501","528","605","623","670","730","771"
Connewitz,Schulkinder,"","300","312","342","382","408","449","476","462","449","422","398","411"
Marienbrunn,Schulkinder,"","240","248","230","227","218","216","275","292","276","271","281","286"
Lößnig,Schulkinder,"","117","184","218","269","279","274","289","292","305","325","347","366"
Dölitz-Dösen,Schulkinder,"","266","244","269","293","310","357","409","412","426","434","420","416"
Schleußig,Schulkinder,"","574","601","632","642","653","652","636","673","657","652","667","648"
Plagwitz,Schulkinder,"","385","438","519","581","601","656","676","717","700","777","607","556"
Kleinzschocher,Schulkinder,"","59","65","56","62","52","56","53","48","49","61","274","341"
Großzschocher,Schulkinder,"","274","269","259","248","220","263","299","325","361","343","317","284"
Knautkleeberg-Knauthain,Schulkinder,"","185","186","202","210","234","225","237","264","253","263","264","285"
Hartmannsdorf-Knautnaundorf,Schulkinder,"","0","0","0","0","0","0","0","0","0","0","0","0"
Schönau,Schulkinder,"","121","119","117","107","105","112","116","115","123","130","127","136"
Grünau-Ost,Schulkinder,"","445","451","481","486","496","506","531","554","559","558","551","530"
Grünau-Mitte,Schulkinder,"","354","356","361","337","353","411","448","486","494","498","497","506"
Grünau-Siedlung,Schulkinder,"","0","0","0","0","0","0","0","0","0","0","0","0"
Lausen-Grünau,Schulkinder,"","228","231","242","282","307","316","334","368","411","421","397","406"
Grünau-Nord,Schulkinder,"","314","331","352","364","341","362","413","446","448","461","446","416"
Miltitz,Schulkinder,"","0","0","0","0","0","0","0","0","0","0","0","0"
Lindenau,Schulkinder,"","0","0","0","0","0","0","0","0","0","0","117","240"
Altlindenau,Schulkinder,"","445","480","514","534","596","610","656","683","685","725","724","725"
Neulindenau,Schulkinder,"","212","242","254","287","265","280","302","345","374","418","374","351"
Leutzsch,Schulkinder,"","141","154","154","187","192","225","237","230","248","242","252","262"
Böhlitz-Ehrenberg,Schulkinder,"","324","319","334","339","338","347","343","335","345","347","378","384"
Burghausen-Rückmarsdorf,Schulkinder,"","129","135","129","127","134","131","137","143","131","117","121","121"
Möckern,Schulkinder,"","333","349","359","371","367","379","395","392","422","448","433","439"
Wahren,Schulkinder,"","105","99","113","116","116","121","131","154","152","166","190","219"
Lützschena-Stahmeln,Schulkinder,"","114","105","125","114","119","114","127","139","156","151","155","155"
Lindenthal,Schulkinder,"","116","109","126","122","137","147","152","165","155","183","195","212"
Gohlis-Süd,Schulkinder,"","637","650","705","733","784","837","865","903","866","878","890","943"
Gohlis-Mitte,Schulkinder,"","0","0","0","0","0","0","0","0","0","0","0","0"
Gohlis-Nord,Schulkinder,"","415","473","537","570","611","646","565","586","636","647","671","691"
Eutritzsch,Schulkinder,"","415","418","460","502","536","549","563","630","662","658","649","684"
Seehausen,Schulkinder,"","70","79","73","74","82","86","96","112","111","102","93","101"
Wiederitzsch,Schulkinder,"","252","239","244","251","270","284","315","313","324","323","320","343"
Mitte,Schulkinder,"","1680","1772","1911","2061","2170","2275","2523","2557","2654","2755","2790","2846"
Nordost,Schulkinder,"","937","1251","980","1025","1038","1140","1272","1398","1461","1403","1403","1467"
Ost,Schulkinder,"","2142","2231","2294","2320","2428","2550","2793","2944","2995","2968","2904","2937"
Südost,Schulkinder,"","1173","1225","1236","1302","1342","1362","1465","1471","1539","1537","1305","1576"
Süd,Schulkinder,"","1246","1361","1449","1573","1636","1797","1977","2063","2079","2122","2176","2250"
Südwest,Schulkinder,"","1477","1559","1668","1743","1760","1852","1901","2027","2020","2096","2129","2114"
West,Schulkinder,"","1462","1488","1553","1576","1602","1707","1842","1969","2035","2068","2018","1994"
Alt-West,Schulkinder,"","1251","1330","1385","1474","1525","1593","1675","1736","1783","1849","1966","2083"
Nordwest,Schulkinder,"","668","662","723","723","739","761","805","850","885","948","973","1025"
Nord,Schulkinder,"","1789","1859","2019","2130","2283","2402","2404","2544","2599","2608","2623","2762"
Stadt Leipzig,Schulkinder,"","13825","14738","15218","15927","16523","17439","18657","19559","20050","20354","20287","21054"
