"Gebiet","Sachmerkmal","2004","2005","2006","2007","2008","2009","2010","2011","2012","2013","2014","2015","2016","2017","2018","2019","2020","2021","2022"
Zentrum,Straftaten insgesamt,"4904","4655","4007","3443","2865","3180","3101","3879","3979","4391","5182","4822","6082","5051","4854","4902","4276","3095","4358"
Zentrum-Ost,Straftaten insgesamt,"2206","1879","1770","1698","2075","1379","1532","1693","1995","2134","2377","2714","3072","3427","3267","3481","3487","3170","4842"
Zentrum-Südost,Straftaten insgesamt,"2198","2151","1932","2412","1793","1867","2039","2045","2240","2035","2326","2291","3218","3080","2466","2295","2180","1779","1927"
Zentrum-Süd,Straftaten insgesamt,"1946","1898","1790","1889","1559","1488","1653","1699","2147","2094","2447","2043","2747","2197","1933","2027","1705","1509","1503"
Zentrum-West,Straftaten insgesamt,"2161","2337","1555","1824","1530","1568","1470","1477","1440","1535","1953","2086","2308","2063","1961","1846","1752","1477","1621"
Zentrum-Nordwest,Straftaten insgesamt,"1136","930","898","1145","1018","1060","1031","1366","1189","1188","1370","1252","1399","1482","1117","1237","1067","906","933"
Zentrum-Nord,Straftaten insgesamt,"1523","1356","1152","1345","1929","2639","2951","3114","3395","3770","3862","3743","4731","4095","2896","2716","2331","1912","1315"
Schönefeld-Abtnaundorf,Straftaten insgesamt,"877","792","1003","925","978","922","1177","1322","1249","1177","1316","1429","1438","1419","1425","1355","1464","1373","1340"
Schönefeld-Ost,Straftaten insgesamt,"742","787","842","972","830","855","762","766","793","946","997","849","925","1045","924","902","1045","1020","978"
Mockau-Süd,Straftaten insgesamt,"387","400","384","365","364","321","328","421","462","491","674","435","569","467","462","455","468","423","403"
Mockau-Nord,Straftaten insgesamt,"713","689","506","630","570","509","698","651","883","811","883","823","2859","812","781","964","1119","1153","1039"
Thekla,Straftaten insgesamt,"351","414","552","351","364","410","371","328","476","524","531","474","565","440","393","368","358","389","461"
Plaußig-Portitz,Straftaten insgesamt,"113","125","146","101","142","110","131","169","155","85","117","120","153","111","143","131","118","112","101"
Neustadt-Neuschönefeld,Straftaten insgesamt,"1519","1332","1668","1757","1513","1580","1668","1638","1527","1818","2016","2047","2751","2311","2229","2167","2598","2453","2184"
Volkmarsdorf,Straftaten insgesamt,"1413","1184","1167","1254","1196","1340","1178","1192","1524","1556","1787","1714","2072","2010","2055","2151","2090","1979","1853"
Anger-Crottendorf,Straftaten insgesamt,"1058","801","869","966","910","961","847","874","1058","1084","1375","1317","1351","1409","1418","1312","1196","1083","999"
Sellerhausen-Stünz,Straftaten insgesamt,"678","582","570","597","692","684","857","825","972","1010","1046","1055","1294","1049","1172","1092","1091","1232","1166"
Paunsdorf,Straftaten insgesamt,"2302","2206","2099","2043","1999","1854","1947","1637","1666","1935","2199","2108","2364","2129","2068","1867","2179","1977","2096"
Heiterblick,Straftaten insgesamt,"266","379","341","267","338","252","376","315","403","374","364","497","612","502","365","328","335","355","386"
Mölkau,Straftaten insgesamt,"250","279","341","285","292","259","303","282","275","281","277","318","411","251","287","280","273","225","287"
Engelsdorf,Straftaten insgesamt,"607","480","561","456","623","557","551","540","626","594","619","636","770","605","534","654","588","512","553"
Baalsdorf,Straftaten insgesamt,"61","68","91","38","63","65","160","96","61","62","63","74","68","46","51","38","43","54","46"
Althen-Kleinpösna,Straftaten insgesamt,"87","88","98","79","74","97","92","73","90","64","95","74","99","65","45","62","69","57","62"
Reudnitz-Thonberg,Straftaten insgesamt,"1947","1881","2022","2466","2619","2277","2353","2552","2844","2491","3208","2857","3685","3310","3352","3303","3176","2918","3008"
Stötteritz,Straftaten insgesamt,"1167","1136","1031","1198","1274","1027","1165","1194","1202","1209","1365","1245","1339","1218","1216","1305","1418","1154","1193"
Probstheida,Straftaten insgesamt,"624","641","528","665","653","548","463","518","657","615","647","716","731","652","743","722","663","638","580"
Meusdorf,Straftaten insgesamt,"234","256","194","185","201","182","153","181","203","180","183","157","188","240","215","236","210","210","202"
Liebertwolkwitz,Straftaten insgesamt,"294","314","290","328","341","373","224","285","353","281","308","232","333","304","306","329","395","285","241"
Holzhausen,Straftaten insgesamt,"199","334","257","305","309","278","210","192","317","339","383","253","357","237","221","289","286","280","251"
Südvorstadt,Straftaten insgesamt,"2508","2055","1884","2227","2291","1799","2041","2048","2426","2212","2348","2062","2860","2392","1996","2005","1851","1661","1540"
Connewitz,Straftaten insgesamt,"1865","1745","1543","1888","1884","1820","2002","2037","2309","2156","2252","1874","2348","1831","1871","2040","1961","1779","1473"
Marienbrunn,Straftaten insgesamt,"331","307","266","367","299","306","279","283","327","319","438","381","380","362","282","299","282","348","377"
Lößnig,Straftaten insgesamt,"763","683","619","970","761","720","769","799","884","727","925","860","887","720","594","626","554","612","743"
Dölitz-Dösen,Straftaten insgesamt,"510","536","459","544","431","240","247","246","265","259","282","567","767","412","259","340","311","238","329"
Schleußig,Straftaten insgesamt,"813","708","750","713","700","713","1001","803","925","997","1012","1031","1058","1164","889","876","812","940","643"
Plagwitz,Straftaten insgesamt,"1922","1700","1648","1681","1740","2315","1755","1610","1852","1921","2339","2081","2614","2374","1937","2064","1952","1979","1894"
Kleinzschocher,Straftaten insgesamt,"919","923","774","909","824","922","906","1107","1125","1095","1174","1284","1283","1267","1070","1066","919","971","891"
Großzschocher,Straftaten insgesamt,"947","781","820","797","844","786","797","1867","910","860","1140","1069","1220","1049","849","792","657","692","709"
Knautkleeberg-Knauthain,Straftaten insgesamt,"290","267","229","328","289","246","200","208","267","222","225","205","264","221","183","180","169","183","211"
Hartmannsdorf-Knautnaundorf,Straftaten insgesamt,"52","48","55","61","134","38","63","48","49","84","69","102","92","68","60","61","68","59","71"
Schönau,Straftaten insgesamt,"383","325","335","323","370","348","391","483","530","573","535","531","603","473","500","445","558","602","676"
Grünau-Ost,Straftaten insgesamt,"358","359","366","352","385","313","378","380","415","492","595","509","641","548","548","622","544","566","540"
Grünau-Mitte,Straftaten insgesamt,"1879","1786","1715","1444","1399","1197","1328","1372","1536","1580","1844","1742","1939","1659","1532","1655","1577","1545","1579"
Grünau-Siedlung,Straftaten insgesamt,"444","312","223","196","145","191","238","224","215","271","312","255","261","225","225","258","235","240","350"
Lausen-Grünau,Straftaten insgesamt,"927","1009","985","1024","876","782","839","895","1020","1151","1141","1163","1227","1223","1267","972","1000","948","929"
Grünau-Nord,Straftaten insgesamt,"1034","956","893","880","735","725","722","739","726","798","827","640","818","712","712","728","735","746","729"
Miltitz,Straftaten insgesamt,"100","148","90","137","128","93","149","138","132","163","184","87","91","97","110","112","105","79","88"
Lindenau,Straftaten insgesamt,"764","760","724","949","884","1001","992","1109","1198","1105","1298","1174","1210","1206","1089","1098","1111","1127","1114"
Altlindenau,Straftaten insgesamt,"1806","1612","1659","1715","1801","1651","1868","2173","2236","2444","3041","3023","3052","2632","2323","2329","2344","2228","2185"
Neulindenau,Straftaten insgesamt,"862","763","696","839","762","588","669","753","775","772","1050","977","1072","803","720","827","646","778","816"
Leutzsch,Straftaten insgesamt,"776","939","773","837","732","739","890","1039","1041","1026","1357","1126","1024","983","862","913","986","898","825"
Böhlitz-Ehrenberg,Straftaten insgesamt,"551","597","605","607","684","534","513","516","521","631","736","645","721","706","610","535","536","537","446"
Burghausen-Rückmarsdorf,Straftaten insgesamt,"489","389","399","427","383","283","389","367","349","454","424","402","385","371","346","299","296","288","281"
Möckern,Straftaten insgesamt,"1867","1455","1494","1496","1808","1681","1944","2351","1984","1963","2284","2243","2569","3617","3444","3185","2400","2858","3151"
Wahren,Straftaten insgesamt,"687","675","542","649","603","432","421","470","528","508","538","609","592","619","555","511","458","387","442"
Lützschena-Stahmeln,Straftaten insgesamt,"266","200","232","279","256","236","261","289","296","316","399","367","476","771","652","798","690","486","595"
Lindenthal,Straftaten insgesamt,"411","415","375","280","257","215","254","282","321","321","304","258","386","273","315","328","346","316","282"
Gohlis-Süd,Straftaten insgesamt,"1787","1491","1419","1479","1420","1481","1777","1870","1921","2069","2194","2209","2193","2206","1696","1910","1808","1577","1350"
Gohlis-Mitte,Straftaten insgesamt,"883","836","872","896","868","875","882","856","847","849","1106","980","1098","1080","854","936","936","844","650"
Gohlis-Nord,Straftaten insgesamt,"625","721","458","645","705","453","356","450","497","635","654","466","569","535","691","523","758","578","600"
Eutritzsch,Straftaten insgesamt,"1736","1791","1792","1703","1650","1510","1543","1572","1893","1678","1729","1751","2319","2166","2089","1703","1357","1451","1861"
Seehausen,Straftaten insgesamt,"676","650","578","632","468","375","462","501","624","649","638","655","906","612","461","547","447","433","693"
Wiederitzsch,Straftaten insgesamt,"457","484","377","383","434","402","438","449","516","544","564","498","535","506","442","369","318","368","442"
Mitte,Straftaten insgesamt,"16074","15206","13104","13756","12769","13181","13777","15273","16385","17147","19517","18951","23557","21395","18494","18504","16798","13848","16499"
Nordost,Straftaten insgesamt,"3183","3207","3433","3344","3248","3127","3467","3657","4018","4034","4518","4130","6509","4294","4128","4175","4572","4470","4322"
Ost,Straftaten insgesamt,"8241","7399","7805","7742","7700","7649","7979","7472","8202","8778","9841","9840","11792","10377","10224","9951","10462","9927","9632"
Südost,Straftaten insgesamt,"4465","4562","4322","5147","5397","4685","4568","4922","5576","5115","6094","5460","6633","5961","6053","6184","6148","5485","5475"
Süd,Straftaten insgesamt,"5977","5326","4771","5996","5666","4885","5338","5413","6211","5673","6245","5744","7242","5717","5002","5310","4959","4638","4462"
Südwest,Straftaten insgesamt,"4943","4427","4276","4489","4531","5020","4722","5643","5128","5179","5959","5772","6531","6143","4988","5039","4577","4824","4419"
West,Straftaten insgesamt,"5125","4895","4607","4356","4038","3649","4045","4231","4574","5028","5438","4927","5580","4937","4894","4792","4754","4726","4891"
Alt-West,Straftaten insgesamt,"5248","5060","4856","5374","5246","4796","5321","5957","6120","6432","7906","7347","7464","6701","5950","6001","5919","5856","5667"
Nordwest,Straftaten insgesamt,"3231","2745","2643","2704","2924","2564","2880","3392","3129","3108","3525","3477","4023","5280","4966","4822","3894","4047","4470"
Nord,Straftaten insgesamt,"6164","5973","5496","5738","5545","5096","5458","5698","6298","6424","6885","6559","7620","7105","6233","5988","5624","5251","5596"
Stadt Leipzig,Straftaten insgesamt,"68985","64187","60961","64855","61201","58104","60534","64728","69055","70451","79235","73614","88615","79383","72045","71696","68677","64004","66503"
Zentrum,Diebstahl,"2789","2528","2206","1842","1499","1539","1681","2209","2448","2750","3242","2600","3114","3165","2777","2917","2507","1590","2279"
Zentrum-Ost,Diebstahl,"1134","937","929","935","1075","615","730","919","922","1103","1028","1194","1559","1687","1424","1555","1593","1262","1945"
Zentrum-Südost,Diebstahl,"1323","1306","1107","1634","1138","1015","1213","1274","1387","1286","1467","1383","1775","2070","1607","1543","1332","906","969"
Zentrum-Süd,Diebstahl,"1022","931","857","959","746","719","880","899","1178","1155","1370","1077","1559","1339","1038","1165","869","729","603"
Zentrum-West,Diebstahl,"1136","1340","776","997","715","730","785","780","808","813","1080","982","1133","1257","1119","1094","926","677","660"
Zentrum-Nordwest,Diebstahl,"662","574","517","684","546","555","557","713","614","647","798","824","964","1075","709","877","616","575","471"
Zentrum-Nord,Diebstahl,"523","565","504","692","1006","1395","1323","1477","1561","1885","1901","1878","2107","2086","1432","1293","1095","801","479"
Schönefeld-Abtnaundorf,Diebstahl,"423","357","414","475","494","416","572","555","556","565","603","709","680","719","711","695","701","563","504"
Schönefeld-Ost,Diebstahl,"400","451","413","572","490","465","466","397","395","569","557","497","536","517","450","470","558","470","488"
Mockau-Süd,Diebstahl,"191","195","145","173","197","159","164","240","214","278","405","234","286","246","278","256","231","167","167"
Mockau-Nord,Diebstahl,"446","362","248","286","227","229","397","367","522","411","491","431","461","417","407","471","417","482","439"
Thekla,Diebstahl,"204","213","140","166","187","213","252","185","304","314","332","248","306","245","231","205","205","211","239"
Plaußig-Portitz,Diebstahl,"67","78","68","53","79","63","96","99","102","64","72","73","101","62","94","59","61","66","42"
Neustadt-Neuschönefeld,Diebstahl,"679","609","674","715","698","672","670","679","711","852","923","1068","1538","1221","1079","1021","1197","923","835"
Volkmarsdorf,Diebstahl,"706","574","475","575","610","481","447","472","804","725","863","809","1001","996","981","898","884","682","603"
Anger-Crottendorf,Diebstahl,"486","361","391","459","424","438","387","441","559","591","815","760","750","806","861","719","582","518","437"
Sellerhausen-Stünz,Diebstahl,"380","364","311","321","408","309","443","409","553","597","604","586","703","583","660","568","544","625","481"
Paunsdorf,Diebstahl,"1295","1343","1246","1234","1246","943","904","801","844","994","1063","1023","1173","1126","1087","915","1036","894","955"
Heiterblick,Diebstahl,"138","256","217","156","188","156","250","209","293","261","226","329","458","347","187","167","174","209","193"
Mölkau,Diebstahl,"141","119","140","132","163","126","176","147","155","159","148","189","254","138","173","162","162","130","128"
Engelsdorf,Diebstahl,"351","261","249","212","314","282","281","243","290","231","282","346","436","305","249","352","328","255","224"
Baalsdorf,Diebstahl,"34","42","56","27","37","43","23","19","34","17","38","44","41","18","21","25","26","32","18"
Althen-Kleinpösna,Diebstahl,"37","38","45","46","39","47","53","45","40","24","52","41","52","38","25","29","31","30","16"
Reudnitz-Thonberg,Diebstahl,"1136","964","825","1497","1625","1360","1403","1475","1625","1558","2081","1881","2475","2178","2147","2182","2005","1639","1676"
Stötteritz,Diebstahl,"647","551","536","637","611","552","573","630","594","601","705","723","747","684","728","750","825","597","535"
Probstheida,Diebstahl,"427","426","337","403","423","317","261","313","437","353","372","438","454","390","477","422","386","340","308"
Meusdorf,Diebstahl,"124","102","58","71","78","53","39","46","66","57","55","44","52","62","55","65","65","51","36"
Liebertwolkwitz,Diebstahl,"160","148","119","122","134","133","95","106","154","113","98","86","134","118","124","111","150","110","71"
Holzhausen,Diebstahl,"107","167","125","156","157","139","99","92","153","135","184","132","204","123","112","143","165","144","110"
Südvorstadt,Diebstahl,"1138","1020","868","1004","1053","897","1106","1074","1322","1247","1305","1071","1710","1385","1012","1136","892","776","688"
Connewitz,Diebstahl,"895","766","608","737","776","690","971","906","1069","1011","937","811","1048","863","769","883","763","644","496"
Marienbrunn,Diebstahl,"112","119","76","131","117","122","121","130","157","192","215","179","159","185","154","157","135","129","157"
Lößnig,Diebstahl,"409","330","188","369","324","383","428","399","472","406","434","454","399","364","298","322","298","277","372"
Dölitz-Dösen,Diebstahl,"229","210","139","199","179","114","129","132","177","158","164","232","225","191","139","204","164","131","168"
Schleußig,Diebstahl,"417","398","483","357","441","396","522","495","552","611","615","685","698","796","561","568","448","522","346"
Plagwitz,Diebstahl,"870","822","737","759","876","767","860","846","966","1097","1239","1095","1442","1446","1118","1203","1101","1177","1016"
Kleinzschocher,Diebstahl,"373","363","361","414","391","417","451","597","553","519","615","601","629","633","433","487","379","447","398"
Großzschocher,Diebstahl,"489","432","430","450","424","366","411","450","417","533","674","633","626","644","519","467","286","358","287"
Knautkleeberg-Knauthain,Diebstahl,"129","144","117","166","133","81","89","89","121","126","132","105","116","102","89","76","84","69","94"
Hartmannsdorf-Knautnaundorf,Diebstahl,"31","33","26","36","99","25","42","31","30","61","47","49","57","39","28","31","38","22","31"
Schönau,Diebstahl,"198","172","147","148","165","136","194","252","278","319","316","276","346","249","243","239","243","300","223"
Grünau-Ost,Diebstahl,"177","182","175","144","187","141","170","199","173","271","335","263","370","321","276","356","267","233","204"
Grünau-Mitte,Diebstahl,"1057","969","885","723","680","627","690","734","708","802","953","910","1013","769","728","811","591","616","577"
Grünau-Siedlung,Diebstahl,"125","115","84","72","54","116","126","125","109","150","154","115","125","107","92","101","89","59","81"
Lausen-Grünau,Diebstahl,"441","475","466","391","340","281","324","312","486","637","580","582","593","608","601","483","427","352","299"
Grünau-Nord,Diebstahl,"495","372","357","308","292","289","304","294","291","350","400","309","445","364","311","348","309","271","266"
Miltitz,Diebstahl,"61","87","47","72","64","43","63","61","54","87","79","46","63","53","49","49","39","24","31"
Lindenau,Diebstahl,"344","369","284","399","417","454","483","523","532","547","609","570","629","646","592","614","591","627","595"
Altlindenau,Diebstahl,"746","708","741","706","746","670","722","781","962","1286","1599","1620","1632","1365","1288","1260","1081","1120","1083"
Neulindenau,Diebstahl,"425","469","370","439","434","340","374","386","391","371","599","536","442","498","367","462","266","362","369"
Leutzsch,Diebstahl,"333","453","378","404","401","358","420","399","500","521","714","637","568","544","437","519","475","466","308"
Böhlitz-Ehrenberg,Diebstahl,"259","305","293","287","362","207","211","212","225","318","404","344","372","412","316","261","259","232","175"
Burghausen-Rückmarsdorf,Diebstahl,"317","247","253","246","224","164","230","210","225","336","275","255","233","245","217","169","152","129","128"
Möckern,Diebstahl,"894","726","544","508","521","548","544","722","672","805","1002","1030","1013","945","832","736","632","650","521"
Wahren,Diebstahl,"328","283","208","256","221","183","165","192","214","229","272","315","315","342","287","232","197","188","162"
Lützschena-Stahmeln,Diebstahl,"115","97","124","111","93","83","101","119","129","168","221","197","313","588","434","582","476","238","338"
Lindenthal,Diebstahl,"211","233","177","146","122","85","115","136","158","185","186","137","223","166","196","207","209","212","127"
Gohlis-Süd,Diebstahl,"1012","722","651","683","738","713","955","1089","1049","1252","1325","1214","1403","1361","1017","1155","1057","913","656"
Gohlis-Mitte,Diebstahl,"440","454","419","422","485","401","448","414","347","450","601","569","607","716","483","528","480","497","276"
Gohlis-Nord,Diebstahl,"361","449","207","303","343","188","167","223","205","334","347","241","306","299","381","298","301","330","214"
Eutritzsch,Diebstahl,"996","911","928","851","804","787","778","739","836","734","900","810","791","906","819","752","683","622","545"
Seehausen,Diebstahl,"442","455","362","430","311","243","253","313","403","434","445","412","633","437","282","417","295","270","451"
Wiederitzsch,Diebstahl,"271","285","190","200","206","170","223","230","258","259","282","251","260","274","201","203","175","193","197"
Mitte,Diebstahl,"8589","8181","6896","7743","6725","6568","7169","8271","8918","9639","10886","9938","12211","12679","10106","10444","8938","6540","7406"
Nordost,Diebstahl,"1731","1656","1428","1725","1674","1545","1947","1843","2093","2201","2460","2192","2370","2206","2171","2156","2173","1959","1879"
Ost,Diebstahl,"4247","3967","3804","3877","4127","3497","3634","3465","4283","4451","5014","5195","6406","5578","5323","4856","4964","4298","3890"
Südost,Diebstahl,"2601","2358","2000","2886","3028","2554","2470","2662","3029","2817","3495","3304","4066","3555","3643","3673","3596","2881","2736"
Süd,Diebstahl,"2783","2445","1879","2440","2449","2206","2755","2641","3197","3014","3055","2747","3541","2988","2372","2702","2252","1957","1881"
Südwest,Diebstahl,"2309","2192","2154","2182","2364","2052","2375","2508","2639","2947","3322","3168","3568","3660","2748","2832","2336","2595","2172"
West,Diebstahl,"2554","2372","2161","1858","1782","1633","1871","1977","2099","2616","2817","2501","2955","2471","2300","2387","1965","1855","1681"
Alt-West,Diebstahl,"2424","2551","2319","2481","2584","2193","2440","2511","2835","3379","4200","3962","3876","3710","3217","3285","2824","2936","2658"
Nordwest,Diebstahl,"1548","1339","1053","1021","957","899","925","1169","1173","1387","1681","1679","1864","2041","1749","1757","1514","1288","1148"
Nord,Diebstahl,"3522","3276","2757","2889","2887","2502","2824","3008","3098","3463","3900","3497","4000","3993","3183","3353","2991","2825","2339"
Stadt Leipzig,Diebstahl,"33048","31020","27627","30168","28731","25751","28482","30113","33437","36027","40959","38293","44967","43002","36962","37633","33695","29273","27965"
Zentrum,Körperverletzung,"277","276","287","260","234","250","306","399","398","396","456","390","426","356","407","459","359","263","470"
Zentrum-Ost,Körperverletzung,"75","86","95","91","110","65","84","100","147","126","150","183","230","273","276","325","302","295","513"
Zentrum-Südost,Körperverletzung,"89","88","94","80","85","118","191","186","205","180","215","217","359","266","200","195","179","164","207"
Zentrum-Süd,Körperverletzung,"60","89","86","69","90","72","121","120","143","153","159","150","175","142","137","154","145","118","177"
Zentrum-West,Körperverletzung,"93","114","74","88","135","121","185","165","143","146","171","172","161","115","141","159","137","115","217"
Zentrum-Nordwest,Körperverletzung,"44","32","54","43","54","48","68","77","91","88","98","99","84","85","89","94","113","76","140"
Zentrum-Nord,Körperverletzung,"47","57","65","53","92","133","243","229","307","343","381","362","368","349","244","260","240","159","147"
Schönefeld-Abtnaundorf,Körperverletzung,"40","45","59","64","65","63","149","168","170","130","173","159","208","205","224","200","181","178","208"
Schönefeld-Ost,Körperverletzung,"33","27","44","48","42","50","85","85","99","99","118","84","98","136","107","147","119","151","139"
Mockau-Süd,Körperverletzung,"26","23","27","21","19","23","43","49","53","41","79","52","83","54","49","65","43","54","75"
Mockau-Nord,Körperverletzung,"40","53","33","42","37","26","66","84","90","106","117","80","164","126","118","143","127","147","175"
Thekla,Körperverletzung,"22","20","18","20","32","23","29","33","42","46","59","46","76","58","51","65","57","50","69"
Plaußig-Portitz,Körperverletzung,"8","3","10","7","16","12","9","12","8","4","7","13","18","16","15","26","7","15","21"
Neustadt-Neuschönefeld,Körperverletzung,"88","69","123","143","118","106","203","242","194","273","345","280","348","262","282","292","317","293","335"
Volkmarsdorf,Körperverletzung,"83","77","99","85","85","114","156","185","187","240","256","245","292","251","264","320","317","327","327"
Anger-Crottendorf,Körperverletzung,"54","40","64","82","63","57","120","111","139","145","118","140","159","161","156","139","129","123","141"
Sellerhausen-Stünz,Körperverletzung,"36","23","25","34","35","44","79","94","95","93","111","100","153","114","124","115","148","137","141"
Paunsdorf,Körperverletzung,"86","82","82","96","75","84","158","190","194","238","290","258","272","306","273","247","311","303","358"
Heiterblick,Körperverletzung,"11","3","9","15","12","99","13","18","16","20","26","27","21","33","19","19","18","22","38"
Mölkau,Körperverletzung,"8","19","15","13","13","19","26","31","26","26","19","33","31","25","24","31","20","19","43"
Engelsdorf,Körperverletzung,"16","16","24","20","15","23","49","63","59","46","61","76","70","65","57","59","60","53","72"
Baalsdorf,Körperverletzung,"0","2","2","1","2","6","7","1","4","7","11","8","9","5","12","6","2","1","5"
Althen-Kleinpösna,Körperverletzung,"5","3","4","3","2","7","5","8","18","15","9","15","18","9","7","9","15","5","16"
Reudnitz-Thonberg,Körperverletzung,"101","54","79","102","107","103","205","207","233","187","264","211","215","220","208","219","229","233","261"
Stötteritz,Körperverletzung,"63","65","63","68","70","57","125","117","107","124","112","96","104","125","107","115","145","121","152"
Probstheida,Körperverletzung,"42","26","32","26","28","34","56","44","42","53","51","49","62","70","71","82","58","71","80"
Meusdorf,Körperverletzung,"23","31","30","19","14","16","27","34","45","30","22","24","32","51","47","28","19","29","46"
Liebertwolkwitz,Körperverletzung,"19","12","20","24","33","7","32","31","45","45","43","25","46","40","32","27","60","34","43"
Holzhausen,Körperverletzung,"9","9","15","16","18","19","33","20","29","46","52","29","29","26","25","38","31","50","45"
Südvorstadt,Körperverletzung,"72","72","98","113","122","64","130","128","132","167","151","165","177","149","167","148","164","136","148"
Connewitz,Körperverletzung,"101","122","87","160","118","138","193","189","244","192","213","184","197","174","145","192","164","171","199"
Marienbrunn,Körperverletzung,"15","8","16","19","17","9","23","20","29","26","31","33","19","32","33","31","22","32","38"
Lößnig,Körperverletzung,"40","49","48","63","49","46","87","98","94","79","89","90","82","93","71","82","70","82","88"
Dölitz-Dösen,Körperverletzung,"41","41","37","30","32","14","28","32","21","22","27","39","79","46","39","44","30","21","45"
Schleußig,Körperverletzung,"40","35","25","24","38","31","81","59","73","62","59","50","43","51","43","44","66","78","77"
Plagwitz,Körperverletzung,"81","96","89","95","86","90","160","154","165","148","159","148","187","130","157","155","131","167","187"
Kleinzschocher,Körperverletzung,"74","58","62","86","65","65","110","120","153","119","128","150","143","111","102","124","110","126","128"
Großzschocher,Körperverletzung,"40","33","49","40","67","45","97","80","107","70","110","75","87","95","80","63","69","60","93"
Knautkleeberg-Knauthain,Körperverletzung,"24","13","16","17","8","15","23","18","39","14","23","12","27","30","21","26","25","26","31"
Hartmannsdorf-Knautnaundorf,Körperverletzung,"1","3","4","5","1","3","4","5","3","4","2","10","14","7","15","9","9","14","13"
Schönau,Körperverletzung,"33","30","41","32","34","23","46","71","75","64","52","63","60","69","69","55","83","70","87"
Grünau-Ost,Körperverletzung,"21","29","25","20","25","13","49","46","55","58","58","56","71","76","77","80","66","79","127"
Grünau-Mitte,Körperverletzung,"138","120","103","118","108","99","176","209","215","180","226","196","225","235","212","219","250","307","348"
Grünau-Siedlung,Körperverletzung,"19","12","9","14","14","9","16","26","14","18","30","24","26","22","22","29","24","23","38"
Lausen-Grünau,Körperverletzung,"94","91","104","105","99","68","122","133","155","168","160","195","147","149","136","154","193","204","213"
Grünau-Nord,Körperverletzung,"85","99","91","97","73","82","110","125","120","112","111","99","116","107","122","134","154","144","145"
Miltitz,Körperverletzung,"3","9","0","8","6","4","14","11","11","13","16","5","7","13","13","22","13","7","9"
Lindenau,Körperverletzung,"33","38","50","68","61","66","106","121","145","103","113","107","102","135","98","104","102","98","106"
Altlindenau,Körperverletzung,"113","109","133","142","162","152","284","317","289","240","237","245","232","209","207","225","260","237","244"
Neulindenau,Körperverletzung,"34","17","33","30","36","32","57","91","61","84","98","81","98","77","59","80","67","89","82"
Leutzsch,Körperverletzung,"37","46","34","37","43","52","90","96","121","77","108","114","102","74","92","88","104","119","128"
Böhlitz-Ehrenberg,Körperverletzung,"27","23","32","21","36","34","65","62","55","61","68","60","72","74","39","72","82","75","76"
Burghausen-Rückmarsdorf,Körperverletzung,"14","7","8","19","25","10","17","34","26","22","22","32","30","37","26","26","33","21","34"
Möckern,Körperverletzung,"87","78","102","72","120","85","158","179","199","204","215","212","259","220","226","208","204","207","226"
Wahren,Körperverletzung,"37","49","29","42","52","28","52","57","54","52","64","64","58","63","67","62","48","55","85"
Lützschena-Stahmeln,Körperverletzung,"10","8","6","11","14","21","33","24","24","25","37","14","23","27","41","23","30","33","38"
Lindenthal,Körperverletzung,"20","8","18","10","14","13","35","23","31","20","34","21","37","21","32","23","29","30","47"
Gohlis-Süd,Körperverletzung,"76","89","91","75","72","85","112","148","188","153","172","198","160","149","135","125","189","156","174"
Gohlis-Mitte,Körperverletzung,"60","33","48","59","42","46","98","82","107","83","106","62","71","86","57","87","87","82","109"
Gohlis-Nord,Körperverletzung,"42","35","28","45","49","29","57","65","71","73","89","60","58","67","90","58","87","75","107"
Eutritzsch,Körperverletzung,"60","82","82","61","83","76","131","126","167","170","144","161","216","166","177","161","152","149","136"
Seehausen,Körperverletzung,"23","14","13","27","15","12","19","18","24","30","33","26","57","33","27","22","17","28","33"
Wiederitzsch,Körperverletzung,"15","11","17","19","24","21","44","41","40","37","47","35","53","35","35","34","33","52","58"
Mitte,Körperverletzung,"685","742","755","684","800","807","1198","1276","1434","1432","1630","1573","1803","1586","1494","1646","1475","1190","1871"
Nordost,Körperverletzung,"169","171","191","202","211","197","381","431","462","426","553","434","647","595","564","646","534","595","687"
Ost,Körperverletzung,"387","334","447","492","420","559","816","943","932","1103","1246","1182","1373","1231","1218","1237","1337","1283","1476"
Südost,Körperverletzung,"257","197","239","255","270","236","478","453","501","485","544","434","488","532","490","509","542","538","627"
Süd,Körperverletzung,"269","292","286","385","338","271","461","467","520","486","511","511","554","494","455","497","450","442","518"
Südwest,Körperverletzung,"260","238","245","267","265","249","475","436","540","417","481","445","501","424","418","421","410","471","529"
West,Körperverletzung,"393","390","373","394","359","298","533","621","645","613","653","638","652","671","651","693","783","834","967"
Alt-West,Körperverletzung,"258","240","290","317","363","346","619","721","697","587","646","639","636","606","521","595","648","639","670"
Nordwest,Körperverletzung,"154","143","155","135","200","147","278","283","308","301","350","311","377","331","366","316","311","325","396"
Nord,Körperverletzung,"276","264","279","286","285","269","461","480","597","546","591","542","615","536","521","487","565","542","617"
Stadt Leipzig,Körperverletzung,"3140","3036","3323","3468","3526","3300","5733","6153","6670","6434","7244","6741","7704","7066","6754","7104","7138","6909","8450"
Zentrum,Straftaten je Einwohner,"2658","2683","2281","1955","1610","1795","1786","2373,93","2372,69","2578,39","2964,53089244851","2758,58123569794","2664,03854577311","2848,84376762549","2681,76795580111","2712,78361925844","2392,83715724678","1673,87777176852","2313,163482"
Zentrum-Ost,Straftaten je Einwohner,"747","674","581","540","643","420","455","489,73","555,87","569,07","576,521950036381","658,258549599806","727,962085308057","798,090358639963","703,791469194313","705,941999594403","660,541769274484","574,275362318841","820,1219512"
Zentrum-Südost,Straftaten je Einwohner,"234","229","202","243","177","182","198","198,01","211,06","183,04","195,57723030354","192,634322710838","239,434523809524","228,537508347555","175,378707062087","163,020315385708","152,650374623626","125,58238034731","134,5106799"
Zentrum-Süd,Straftaten je Einwohner,"218","207","191","192","155","142","156","155,9","190,73","179,79","198,555663745537","165,774099318403","217,722120947927","170,349693727223","146,517092397484","151,494768310912","127,276799044491","112,293496055961","108,8499421"
Zentrum-West,Straftaten je Einwohner,"293","304","196","223","180","178","164","163,64","153,98","159,5","189,280868385346","202,170963364993","217,633191890618","191,230997404524","179,119473876507","166,636576999458","157,426543265343","132,5971810755","143,9225784"
Zentrum-Nordwest,Straftaten je Einwohner,"155","125","115","138","116","117","110","144,96","122,88","120,19","132,751937984496","121,317829457364","135,116863048097","141,736801836266","104,509730538922","116,281255875165","100,168982350732","84,8552964315819","86,32494449"
Zentrum-Nord,Straftaten je Einwohner,"233","212","175","194","274","370","404","413,49","431,39","463,2","458,452041785375","444,325735992403","546,11566431952","456,87827736249","315,228039621204","294,32162982228","254,503766786767","209,580181957689","140,7019046"
Schönefeld-Abtnaundorf,Straftaten je Einwohner,"96","87","110","101","105","97","121","130,81","118,53","108,61","114,604197509362","124,444831490029","118,764453254047","112,887828162291","111,43259305599","103,9907904835","111,483399329881","103,295215167018","99,9328809"
Schönefeld-Ost,Straftaten je Einwohner,"77","82","88","101","87","92","83","84,56","87,87","104,46","108,96174863388","92,7868852459016","98,0080525535071","107,488171158198","93,0513595166163","90,964098426785","106,080600954218","102,905569007264","98,61853383"
Mockau-Süd,Straftaten je Einwohner,"96","99","96","93","93","83","87","104,96","112","117,49","154,729109274564","99,862258953168","128,442437923251","102,09881941408","98,4444917962924","95,6485179735127","97,1155841460884","86,5561694290976","83,00720906"
Mockau-Nord,Straftaten je Einwohner,"65","64","48","60","55","50","68","63,17","84,85","76,63","82,2619713061301","76,6722563815912","259,249183895539","73,1268011527378","70,6531572281527","86,7842996038891","100,602355479637","102,55269945744","90,43432849"
Thekla,Straftaten je Einwohner,"60","72","96","64","67","75","67","59,36","86,73","95,69","94,5008008542445","84,3566470902296","98,8453463960812","75,4975978037062","66,8140088405304","62,8629996583533","60,719131614654","65,2137468566639","78,29483696"
Plaußig-Portitz,Straftaten je Einwohner,"42","46","54","37","53","41","49","63,32","58,8","32,58","45,0693374422188","46,2249614791988","58,5758039816233","41,8236623963828","54,26944971537","49,2481203007519","42,7691192461037","38,2513661202186","32,52818035"
Neustadt-Neuschönefeld,Straftaten je Einwohner,"180","156","190","198","170","176","185","180,62","162,31","181,69","183,573119650337","186,395920597341","237,955194187354","187,459441920831","175,69165287302","167,555864841877","197,596592637664","184,978508408114","163,3385685"
Volkmarsdorf,Straftaten je Einwohner,"187","154","153","162","156","172","152","154,93","191,65","184,12","179,832947569689","172,486665995773","188,517878264034","169,505818856468","162,117387188388","165,11859983112","158,645817519356","149,077212806026","138,10837"
Anger-Crottendorf,Straftaten je Einwohner,"121","89","95","104","99","104","90","92,56","110,12","110,67","130,319401004644","124,822291725903","122,550798258345","124,447977389154","120,363296833885","110,838894990285","99,1954880982002","88,0989180834621","81,14035088"
Sellerhausen-Stünz,Straftaten je Einwohner,"89","76","73","77","89","90","112","109,05","128,52","131,07","127,592095633081","128,689924371798","148,735632183908","118,157242622212","129,146005509642","117,901101274023","116,460290350128","131,273308470964","122,9568702"
Paunsdorf,Straftaten je Einwohner,"154","152","145","143","141","132","140","120,06","123,69","142,24","159,997089639115","153,37601862631","167,339137821193","146,918777172038","144,6356133725","129,94153674833","152,132933044753","136,486020020711","142,8084758"
Heiterblick,Straftaten je Einwohner,"67","93","83","65","82","63","95","79,93","102,03","95,65","99,3178717598909","135,607094133697","165,898617511521","135,200646377592","98,0392156862745","87,5834445927904","90,1264460586494","96,9415619879847","106,131427"
Mölkau,Straftaten je Einwohner,"41","45","56","47","48","43","51","47,4","46,71","47,88","47,1730245231608","54,1553133514986","68,8326913414838","41,7985012489592","47,9211888462181","46,5890183028286","45,3112033195021","37,8724120518431","48,31649832"
Engelsdorf,Straftaten je Einwohner,"77","61","71","57","77","69","67","64,64","74","69,75","68,5341009743135","70,4162976085031","82,4676020134947","64,1637501325697","56,7360815979601","70,3982777179763","63,2530120481928","55,3035212788939","59,74503025"
Baalsdorf,Straftaten je Einwohner,"42","44","59","24","40","40","97","57,45","35,99","36,54","35,673839184598","41,9026047565119","37,9464285714286","25,527192008879","28,1146637265711","20,4851752021563","23,2809962100704","29,1419320021587","25,30253025"
Althen-Kleinpösna,Straftaten je Einwohner,"42","43","46","37","34","46","43","34,61","42,29","31,1","44,392523364486","34,5794392523364","46,1323392357875","29,926335174954","20,670647680294","29,3560606060606","32,3791647114031","27,0655270655271","29,83638114"
Reudnitz-Thonberg,Straftaten je Einwohner,"124","120","127","152","158","134","139","148,32","157,7","133,09","161,02800923602","143,409296255396","179,353645478439","157,341826306032","153,388550771061","148,482805124747","140,369486431539","128,450059426861","131,7218427"
Stötteritz,Straftaten je Einwohner,"88","84","76","87","91","73","83","83,63","82,37","80,63","87,1424923391215","79,4816138917263","82,6696301784281","73,510773130545","71,6389772593378","74,7551125622959","80,9406929619271","65,0360685302074","66,72632698"
Probstheida,Straftaten je Einwohner,"114","113","92","115","113","94","80","90,53","113,92","103,43","105,151958394279","116,366000325045","115,75613618369","101,605111422783","113,992022092666","110,363803118312","99,4152046783626","95,2949962658701","86,05341246"
Meusdorf,Straftaten je Einwohner,"65","73","55","53","57","52","44","52,43","59,5","52,6","53,540081919251","45,9332943241662","54,5560069645966","70,298769771529","62,9206906643254","69,2691517464045","62,5186067281929","63,1389055923031","60,91676719"
Liebertwolkwitz,Straftaten je Einwohner,"57","61","56","63","66","72","44","55,36","68,76","53,79","58,7786259541985","44,2748091603053","63,0204390613172","57,3584905660377","57,0469798657718","61,3005403391094","73,3246705030629","53,3907830648183","44,90404323"
Holzhausen,Straftaten je Einwohner,"32","54","42","49","51","45","34","31,32","50,96","54,82","61,0066900286716","40,2994584262504","56,3091482649842","36,9734789391576","34,3167701863354","43,8942891859052","43,1372549019608","41,878552198624","37,60299625"
Südvorstadt,Straftaten je Einwohner,"135","108","95","108","108","83","92","91,14","104,66","93,85","96,4073085608705","84,6643399712585","115,104439167706","95,7604387685656","78,5301176378015","77,4699586569298","71,1403205349937","63,2641401637783","58,59523628"
Connewitz,Straftaten je Einwohner,"124","114","99","118","117","109","119","119,75","132,67","121,95","123,892831600374","103,097320790009","127,008167901769","98,0297676410751","99,6856518727689","107,430617726052","101,459023178808","91,9997931426798","76,50358367"
Marienbrunn,Straftaten je Einwohner,"61","57","50","69","54","54","50","50,57","58,04","56,1","72,6729716276755","63,2155301144848","62,5720401778363","59,373462358537","45,6384528240816","48,2959134227104","46,0408163265306","57,265097910153","62,0371894"
Lößnig,Straftaten je Einwohner,"70","65","59","91","71","67","71","74,15","81,56","66,89","83,9306777969331","78,0328463841757","80,2061669228682","65,0230289894338","53,7459283387622","56,769746984674","50,8817046289493","56,8614698504135","68,90475749"
Dölitz-Dösen,Straftaten je Einwohner,"120","129","119","145","112","62","62","60,7","62,35","57,93","61,9916465157177","124,642778632667","162,019433882552","88,034188034188","55,1415797317437","73,6408923543426","67,5793133420252","51,2158381751668","71,52173913"
Schleußig,Straftaten je Einwohner,"82","70","71","65","62","61","83","66,01","75,47","80","80,342966020959","81,8513813909178","84,1218096525403","91,75469020968","69,2907248636009","67,9438454975568","63,1513454658578","73,2772061116308","50,69778444"
Plagwitz,Straftaten je Einwohner,"199","169","159","154","155","198","149","132,88","145,18","145,13","159,800505568081","142,173942747831","173,491736908475","154,055807916937","122,610457019876","129,323308270677","119,776646008468","119,584264910266","113,6854742"
Kleinzschocher,Straftaten je Einwohner,"117","116","96","111","100","110","109","129,14","129,38","123,21","128,05410122164","140,052356020942","135,824687698497","129,430993972827","106,425303361846","105,523658681449","89,2492959114305","94,4460655578251","85,82161433"
Großzschocher,Straftaten je Einwohner,"108","89","93","90","96","88","90","210,89","101,9","96,19","126,849894291755","118,949593857795","134,672701181146","115,034543261323","92,8884026258206","85,807150595883","71,4208066094141","75,3648442605097","76,56587473"
Knautkleeberg-Knauthain,Straftaten je Einwohner,"59","53","45","64","56","48","39","40,5","51,63","42,82","42,0168067226891","38,2819794584501","48,5115766262403","40,1161735342167","32,9789151198414","31,9092359510725","29,8639335571656","32,6145072179647","37,03703704"
Hartmannsdorf-Knautnaundorf,Straftaten je Einwohner,"44","41","47","51","110","31","51","38,59","39,14","64,22","51,7629407351838","76,5191297824456","66,6666666666667","51,6324981017464","44,2477876106195","46,0030165912519","50,4451038575668","45,70100697134","53,46385542"
Schönau,Straftaten je Einwohner,"88","73","74","69","77","73","83","105,32","117,15","137,08","125","124,065420560748","136,025265057523","104,185022026432","107,805088400172","94,0604523356584","113,877551020408","116,261104673619","123,4928754"
Grünau-Ost,Straftaten je Einwohner,"44","44","46","44","49","41","50","51,08","56,1","67,04","79,6306209850107","68,1209850107066","83,9774662649024","71,5591538260642","70,1215611004479","80,0514800514801","70,2933195503295","74,4345081536034","70,6991359"
Grünau-Mitte,Straftaten je Einwohner,"146","144","139","116","115","99","112","116,91","131,48","133,6","152,49751902084","144,062189877605","157,565415244596","126,854259061019","115,144682450207","122,86562731997","116,901408450704","114,793075265622","117,3105498"
Grünau-Siedlung,Straftaten je Einwohner,"107","75","55","49","37","49","62","58,17","55,33","69,7","81,8467995802728","66,894018887723","67,9156908665105","58,4719334719335","58,3657587548638","66,2047729022325","61,0231108802908","62,6304801670146","92,15376514"
Lausen-Grünau,Straftaten je Einwohner,"67","76","74","80","71","65","72","77,74","89,11","98,36","93,8631128660744","95,6729187232642","99,6831586643919","95,6664580725907","98,0574258958285","75,0173651308173","76,4233855559801","71,2996389891697","68,24359069"
Grünau-Nord,Straftaten je Einwohner,"109","104","102","106","90","90","91","94,73","93,05","100,55","103,764115432873","80,3011292346299","101,099987640588","82,6081912054763","82,877429868467","83,8999654258384","82,9664747714189","83,8296437802","80,89214381"
Miltitz,Straftaten je Einwohner,"49","73","44","67","64","47","77","71,17","68,89","86,61","96,7911625460284","45,7653866386113","48,4558040468584","50,1810657009829","56,5552699228792","57,7915376676987","54,1795665634675","41,1030176899063","46,75876727"
Lindenau,Straftaten je Einwohner,"149","146","136","178","162","181","173","185,14","189,83","167,91","178,443772339841","161,396755567776","155,407141022348","148,833765272121","132,032007759457","132,368896925859","132,91063524345","131,597384399813","130,8433169"
Altlindenau,Straftaten je Einwohner,"152","133","136","139","146","133","151","172,02","170,03","176,33","195,487271792235","194,330161995372","188,209176122348","156,331670230459","134,495136637332","131,366687348412","128,346930953294","119,79138663369","117,7707109"
Neulindenau,Straftaten je Einwohner,"168","150","134","161","143","108","120","135,31","136,42","130,94","163,09412861137","151,755203479341","160,239162929746","118,366745283019","102,30179028133","117,605233219568","90,8707272471515","110,011312217195","115,7282655"
Leutzsch,Straftaten je Einwohner,"94","112","92","100","87","87","103","118,72","116,93","110,63","139,293779511394","115,582016013139","102,114080574392","96,3914493037851","83,2046332046332","87,561139349765","94,33601224646","85,933014354067","78,31782799"
Böhlitz-Ehrenberg,Straftaten je Einwohner,"58","63","63","62","70","54","52","52,4","52,45","63,19","72,6626517918847","63,6785467469642","70,8529874213836","69,3652977009236","59,5238095238095","52,6057030481809","52,4872698785742","52,6935531351192","43,9192516"
Burghausen-Rückmarsdorf,Straftaten je Einwohner,"105","82","85","90","81","60","83","77,82","74,05","95,42","87,821043910522","83,2642916321458","80,1749271137026","77,6475512766848","72,6738080235245","62,4086829471927","61,8212197159566","60,4153555695406","59,2077539"
Möckern,Straftaten je Einwohner,"154","120","124","123","148","136","157","190,26","158,92","153,18","170,003721622627","166,951991068106","185,126468256828","251,145674211915","230,02938819129","205,020920502092","148,938810971826","172,262069796878","186,5932374"
Wahren,Straftaten je Einwohner,"117","115","94","111","103","73","70","79,12","88,28","81,78","80,4065162158123","91,0177850844418","87,7687175685693","88,6692450938261","78,5007072135785","71,6489063376332","64,3077787138444","53,4014074789568","60,75601375"
Lützschena-Stahmeln,Straftaten je Einwohner,"66","49","57","68","63","58","65","72,58","74,99","79,96","101,941747572816","93,7659683188554","120,689655172414","196,934865900383","161,947342275211","193,924665856622","165,547024952015","115,384615384615","141,3637444"
Lindenthal,Straftaten je Einwohner,"72","72","66","49","44","37","42","46,13","52,05","51,41","47,994947900221","40,7325544679507","60,0311041990669","41,9097328830212","47,8868957129827","49,5992741569636","52,147701582517","47,4474474474474","42,25352113"
Gohlis-Süd,Straftaten je Einwohner,"133","108","100","101","95","96","111","115,54","115,15","122,15","122,995851552865","123,836752999215","122,0842843623","120,757608933654","91,1680911680912","102,429345202982","96,3701295240126","84,0170484816196","72"
Gohlis-Mitte,Straftaten je Einwohner,"68","64","66","67","64","63","63","60,11","57,66","55,86","69,9159238889942","61,9508186358177","68,8962790989521","65,8938377059182","50,4281074697372","54,6888694127958","54,1823444283647","48,5252687862933","37,05181554"
Gohlis-Nord,Straftaten je Einwohner,"76","88","57","80","89","57","44","55,1","60,34","77,32","76,437587657784","54,4647031323048","65,3797541077789","60,0381550892156","75,809105869446","56,0557341907824","78,900801498907","59,2152443397193","59,24170616"
Eutritzsch,Straftaten je Einwohner,"163","166","167","157","152","136","133","135,09","158,32","136,47","132,196651120116","133,878736906491","166,882556131261","150,594451783355","143,573883161512","115,669360863954","92,6849258930401","98,7007686551935","126,0754691"
Seehausen,Straftaten je Einwohner,"311","298","266","291","215","176","213","230,77","285,32","296,48","285,84229390681","293,458781362007","360,095389507154","267,482517482517","196,588486140725","228,966094600251","182,67266040049","171,213918544879","264,3020595"
Wiederitzsch,Straftaten je Einwohner,"60","62","47","47","54","49","54","54,71","62,52","64,96","66,6115507263494","58,8165820243298","63,0153121319199","59,1743655712782","51,5271625087433","42,560553633218","36,5979974680631","42,1824850985786","50,34168565"
Mitte,Straftaten je Einwohner,"362","341","284","286","258","259","266","292,0435475","303,236718016788","306,936937720991","329,957734573119","320,388841927303","378,839535556914","341,511301238667","286,599823335245","284,065090574148","255,743495272749","210,098312902051","245,0140335"
Nordost,Straftaten je Einwohner,"75","76","82","81","79","76","84","87,74816839","95,172531836725","94,383728474149","102,826710364605","93,9960853930538","143,585105444278","92,439507448549","87,8634370610021","88,2197569994717","96,0907944514502","92,6866692931346","88,81491071"
Ost,Straftaten je Einwohner,"120","107","112","111","111","110","115","107,6195236","116,97166109327","122,578540307019","129,679655276925","129,666477789345","148,629912526154","126,55186711871","122,249856514253","117,848387593411","122,957948428649","116,079467720623","112,0143274"
Südost,Straftaten je Einwohner,"90","92","86","102","109","91","89","94,77105971","104,89036784592","93,8754751970923","107,525363917071","96,3387737097486","114,110239471511","100,782795408051","99,9405607106297","100,386351092497","98,8583373532722","87,7515758487185","87,16348527"
Süd,Straftaten je Einwohner,"110","98","86","106","99","83","90","90,35862158","101,310135201832","91,0964127174456","97,3818397292956","89,5694615540551","111,073619631902","87,2731158502145","75,657198172853","79,6042275691477","74,0569278098026","69,1423545371875","66,6009911"
Südwest,Straftaten je Einwohner,"117","103","97","99","99","107","100","117,3529384","104,520657120501","103,540013539193","114,428911590752","110,838005991244","123,293877782183","114,118521270667","91,1433113454054","91,3656803017116","82,2343598404542","86,5415665028166","78,8966256"
West,Straftaten je Einwohner,"93","91","87","83","79","72","82","86,5863542","94,0094908298709","103,130754091155","109,453937966709","99,1687297465934","110,510367773751","94,1097979412886","92,2178255134728","89,6706586826347","88,2625970071665","87,211662668389","89,1265922"
Alt-West,Straftaten je Einwohner,"118","112","107","118","114","103","113","125,4043572","125,689084022715","127,733250397279","146,496933311098","136,138751459225","134,008402456103","117,815637252316","102,715486733302","102,679488056943","100,011827720798","98,1841959659977","95,15893406"
Nordwest,Straftaten je Einwohner,"116","98","96","97","105","91","102","119,4698931","109,483770450963","106,355770074225","116,053203397643","114,47290445776","129,790940766551","165,97510373444","152,11664522453","144,392873184608","114,398190311114","116,594641313742","127,5502925"
Nord,Straftaten je Einwohner,"112","107","97","100","96","87","91","94,01556178","101,570848947712","101,631628433586","104,332408964859","99,3923413798851","112,880527368343","103,283859807242","88,8828679804923","84,4879645568192","78,7454494539345","73,0543420796349","77,09688086"
Stadt Leipzig,Straftaten je Einwohner,"142,495367893564","132,169103641976","124,579275956145","131,080843460914","122,945171768875","115,652636041728","119,739104516668","127,243007902334","133,353998402786","135,26","149,06","135,20080664268","156,054634531193","136,978240988387","123,792913845837","120,191042334083","115,784504632088","105,720614396596","109,0447293"
Zentrum,Vermögensdelikte,"","","","","","","724","745","643","759","841","1145","1644","669","609","557","559","526","538"
Zentrum-Ost,Vermögensdelikte,"","","","","","","463","391","547","510","593","608","558","652","687","717","721","689","942"
Zentrum-Südost,Vermögensdelikte,"","","","","","","253","248","238","266","269","293","366","276","207","219","253","271","257"
Zentrum-Süd,Vermögensdelikte,"","","","","","","242","232","290","254","308","232","257","232","175","199","170","186","184"
Zentrum-West,Vermögensdelikte,"","","","","","","259","259","217","319","406","587","482","421","372","355","405","404","442"
Zentrum-Nordwest,Vermögensdelikte,"","","","","","","258","401","303","257","270","114","140","102","112","97","142","72","110"
Zentrum-Nord,Vermögensdelikte,"","","","","","","737","780","857","755","844","811","812","723","562","547","477","550","426"
Schönefeld-Abtnaundorf,Vermögensdelikte,"","","","","","","190","247","205","230","266","267","178","179","190","181","225","227","179"
Schönefeld-Ost,Vermögensdelikte,"","","","","","","78","81","164","141","130","149","137","202","155","105","130","132","150"
Mockau-Süd,Vermögensdelikte,"","","","","","","44","54","91","84","79","62","53","71","43","34","54","73","48"
Mockau-Nord,Vermögensdelikte,"","","","","","","127","89","125","133","133","162","108","101","106","167","224","191","145"
Thekla,Vermögensdelikte,"","","","","","","39","45","50","59","50","70","44","57","38","26","38","37","55"
Plaußig-Portitz,Vermögensdelikte,"","","","","","","10","8","17","6","12","16","17","10","12","19","9","17","14"
Neustadt-Neuschönefeld,Vermögensdelikte,"","","","","","","286","246","246","250","259","245","279","281","275","217","291","395","283"
Volkmarsdorf,Vermögensdelikte,"","","","","","","237","188","201","170","178","225","214","219","245","227","201","269","262"
Anger-Crottendorf,Vermögensdelikte,"","","","","","","107","126","141","154","175","186","186","161","114","170","156","145","127"
Sellerhausen-Stünz,Vermögensdelikte,"","","","","","","163","162","166","134","165","187","219","150","171","198","159","181","205"
Paunsdorf,Vermögensdelikte,"","","","","","","536","286","278","313","414","412","390","325","301","293","329","319","315"
Heiterblick,Vermögensdelikte,"","","","","","","52","52","49","56","81","92","80","78","103","101","96","76","104"
Mölkau,Vermögensdelikte,"","","","","","","49","41","39","44","39","41","63","44","32","32","24","31","47"
Engelsdorf,Vermögensdelikte,"","","","","","","132","133","125","183","179","103","114","105","97","102","88","78","97"
Baalsdorf,Vermögensdelikte,"","","","","","","122","60","13","21","9","7","9","4","4","2","6","13","13"
Althen-Kleinpösna,Vermögensdelikte,"","","","","","","18","6","8","8","10","4","7","8","4","12","9","12","14"
Reudnitz-Thonberg,Vermögensdelikte,"","","","","","","343","362","483","330","341","350","407","372","353","340","320","341","310"
Stötteritz,Vermögensdelikte,"","","","","","","181","221","204","255","266","162","203","184","146","188","172","139","161"
Probstheida,Vermögensdelikte,"","","","","","","44","67","75","98","78","74","85","67","78","63","67","70","52"
Meusdorf,Vermögensdelikte,"","","","","","","21","41","26","30","35","21","8","12","16","15","24","23","11"
Liebertwolkwitz,Vermögensdelikte,"","","","","","","44","64","58","64","67","51","87","78","62","96","75","39","63"
Holzhausen,Vermögensdelikte,"","","","","","","34","29","61","49","42","28","40","26","29","30","25","23","31"
Südvorstadt,Vermögensdelikte,"","","","","","","207","212","246","232","235","218","253","228","211","177","181","187","187"
Connewitz,Vermögensdelikte,"","","","","","","166","225","175","184","240","211","251","168","182","170","197","211","172"
Marienbrunn,Vermögensdelikte,"","","","","","","49","69","58","62","92","87","73","64","45","48","51","63","75"
Lößnig,Vermögensdelikte,"","","","","","","85","122","124","89","178","99","107","83","87","56","68","60","93"
Dölitz-Dösen,Vermögensdelikte,"","","","","","","30","17","16","25","28","41","42","40","23","31","33","12","23"
Schleußig,Vermögensdelikte,"","","","","","","219","127","116","121","163","156","123","127","152","120","132","109","100"
Plagwitz,Vermögensdelikte,"","","","","","","345","285","288","274","377","364","404","339","220","254","207","190","248"
Kleinzschocher,Vermögensdelikte,"","","","","","","150","159","150","192","203","233","240","249","243","223","205","176","174"
Großzschocher,Vermögensdelikte,"","","","","","","103","1179","159","109","173","175","161","123","98","103","88","77","118"
Knautkleeberg-Knauthain,Vermögensdelikte,"","","","","","","44","51","45","38","25","35","20","55","20","23","18","23","35"
Hartmannsdorf-Knautnaundorf,Vermögensdelikte,"","","","","","","3","1","7","4","3","3","9","6","3","5","6","8","7"
Schönau,Vermögensdelikte,"","","","","","","72","59","71","63","82","106","105","62","60","45","65","80","90"
Grünau-Ost,Vermögensdelikte,"","","","","","","54","57","54","58","92","93","74","52","64","68","79","93","70"
Grünau-Mitte,Vermögensdelikte,"","","","","","","199","155","177","194","273","274","242","236","179","203","261","192","218"
Grünau-Siedlung,Vermögensdelikte,"","","","","","","59","27","39","42","72","80","68","59","60","73","53","84","86"
Lausen-Grünau,Vermögensdelikte,"","","","","","","206","197","108","91","135","142","164","207","185","112","104","134","122"
Grünau-Nord,Vermögensdelikte,"","","","","","","70","84","70","69","137","74","86","69","75","88","67","123","114"
Miltitz,Vermögensdelikte,"","","","","","","17","41","35","38","39","13","6","10","13","12","20","19","17"
Lindenau,Vermögensdelikte,"","","","","","","192","229","219","161","205","192","144","102","96","94","98","101","123"
Altlindenau,Vermögensdelikte,"","","","","","","427","500","428","351","570","668","584","443","417","381","437","350","373"
Neulindenau,Vermögensdelikte,"","","","","","","124","159","130","156","165","202","340","97","142","106","128","116","132"
Leutzsch,Vermögensdelikte,"","","","","","","218","343","179","128","224","158","145","152","138","115","135","106","114"
Böhlitz-Ehrenberg,Vermögensdelikte,"","","","","","","105","104","116","108","102","117","102","77","129","84","47","77","72"
Burghausen-Rückmarsdorf,Vermögensdelikte,"","","","","","","69","58","53","47","72","50","36","34","43","40","44","82","61"
Möckern,Vermögensdelikte,"","","","","","","949","1101","790","588","682","641","568","523","444","403","285","408","433"
Wahren,Vermögensdelikte,"","","","","","","113","120","95","128","95","123","92","79","61","76","75","56","83"
Lützschena-Stahmeln,Vermögensdelikte,"","","","","","","64","56","55","57","61","100","71","89","87","77","80","56","71"
Lindenthal,Vermögensdelikte,"","","","","","","49","52","51","51","36","50","47","44","33","30","28","27","31"
Gohlis-Süd,Vermögensdelikte,"","","","","","","376","298","285","317","339","410","305","326","214","231","213","234","270"
Gohlis-Mitte,Vermögensdelikte,"","","","","","","121","136","164","135","155","163","220","111","109","112","105","104","89"
Gohlis-Nord,Vermögensdelikte,"","","","","","","46","60","54","65","92","66","75","67","66","64","64","52","123"
Eutritzsch,Vermögensdelikte,"","","","","","","283","331","522","397","312","414","410","250","313","228","239","276","445"
Seehausen,Vermögensdelikte,"","","","","","","137","118","136","149","94","67","76","93","89","57","83","100","139"
Wiederitzsch,Vermögensdelikte,"","","","","","","92","89","98","102","113","132","119","124","111","51","43","46","54"
Mitte,Vermögensdelikte,"","","","","","","2936","3056","3095","3120","3531","3790","4259","3075","2724","2691","2727","2698","2899"
Nordost,Vermögensdelikte,"","","","","","","488","524","652","653","670","726","537","620","544","532","680","677","591"
Ost,Vermögensdelikte,"","","","","","","1702","1300","1266","1333","1509","1502","1561","1375","1346","1354","1359","1519","1467"
Südost,Vermögensdelikte,"","","","","","","667","784","907","826","829","686","830","739","684","732","683","635","628"
Süd,Vermögensdelikte,"","","","","","","537","645","619","592","773","656","726","583","548","482","530","533","550"
Südwest,Vermögensdelikte,"","","","","","","864","1802","765","738","944","966","957","899","736","728","656","583","682"
West,Vermögensdelikte,"","","","","","","677","620","554","555","830","782","745","695","636","601","649","725","717"
Alt-West,Vermögensdelikte,"","","","","","","1135","1393","1125","951","1338","1387","1351","905","965","820","889","832","875"
Nordwest,Vermögensdelikte,"","","","","","","1175","1329","991","824","874","914","778","735","625","586","468","547","618"
Nord,Vermögensdelikte,"","","","","","","1055","1032","1259","1165","1105","1252","1205","971","902","743","747","812","1120"
Stadt Leipzig,Vermögensdelikte,"","","","","","","13902","15282","14409","13977","15358","13755","14271","11713","10396","9753","9935","10122","10643"
